Workbook

Sheet DATA-OIL
A1: https://ec.europa.eu/eurostat/databrowser/view/NRG_CB_OIL__custom_11906154/default/table?lang=en
A2: Supply, transformation and consumption of oil and petroleum products
A5: Data extracted on 25/06/2025 13:27:20 from [ESTAT]
A6: Dataset: | B6: Supply, transformation and consumption of oil and petroleum products [nrg_cb_oil__custom_11906154]
A7: Last updated: | B7: 45833.458
A9: Time frequency | C9: Annual
A10: Unit of measure | C10: Thousand tonnes
A11: Geopolitical entity (reporting) | C11: European Union - 27 countries (from 2020)
A13: TIME | B13: TIME | C13: 1990 | D13: 1991 | E13: 1992 | F13: 1993 | G13: 1994 | H13: 1995 | I13: 1996 | J13: 1997 | K13: 1998 | L13: 1999 | M13: 2000 | N13: 2001 | O13: 2002 | P13: 2003 | Q13: 2004 | R13: 2005 | S13: 2006 | T13: 2007 | U13: 2008 | V13: 2009 | W13: 2010 | X13: 2011 | Y13: 2012 | Z13: 2013 | AA13: 2014 | AB13: 2015 | AC13: 2016 | AD13: 2017 | AE13: 2018 | AF13: 2019 | AG13: 2020 | AH13: 2021 | AI13: 2022 | AJ13: 2023 | AK13: 2024
A14: SIEC (Labels) | B14: NRG_BAL (Labels)
A15: Oil and petroleum products | B15: Indigenous production | C15: 40179 | D15: 38934.9 | E15: 38690.6 | F15: 38565.6 | G15: 40102.7 | H15: 39315.9 | I15: 38995.8 | J15: 39962.2 | K15: 39298.9 | L15: 40561.3 | M15: 43871 | N15: 41905 | O15: 46800 | P15: 46864 | Q15: 46345 | R15: 45545.786 | S15: 42693.14 | T15: 40614.23 | U15: 38034.386 | V15: 34703.223 | W15: 33185.002 | X15: 31460.979 | Y15: 30224.903 | Z15: 29391.375 | AA15: 29006.891 | AB15: 28201.078 | AC15: 25211.285 | AD15: 25073.924 | AE15: 24573.253 | AF15: 22755.252 | AG15: 21445.329 | AH15: 20209.433 | AI15: 18838.68 | AJ15: 19057.031 | AK15: 17981.282
A16: Oil and petroleum products | B16: Imports | C16: 734076.41 | D16: 717812.22 | E16: 724229.21 | F16: 728577.44 | G16: 736509.9 | H16: 735994.9 | I16: 761875.66 | J16: 773656 | K16: 801986.05 | L16: 770601.81 | M16: 792731.36 | N16: 802352.24 | O16: 796912.35 | P16: 816005.22 | Q16: 843240.47 | R16: 867331.09 | S16: 874177.47 | T16: 852561.91 | U16: 866729.13 | V16: 822409.12 | W16: 830457.06 | X16: 810816.43 | Y16: 811036.17 | Z16: 801133.19 | AA16: 796775.4 | AB16: 848637.19 | AC16: 853437.69 | AD16: 868407 | AE16: 856723.99 | AF16: 846962.23 | AG16: 745108.41 | AH16: 770747.6 | AI16: 808887.1 | AJ16: 785477.61 | AK16: 790837.42
A17: Oil and petroleum products | B17: Exports | C17: 189919.42 | D17: 172739.9 | E17: 175971.27 | F17: 186644.8 | G17: 189489.06 | H17: 178508.45 | I17: 186748 | J17: 194195.46 | K17: 198974.4 | L17: 197937.7 | M17: 216892.99 | N17: 212488.51 | O17: 214965.35 | P17: 223444.29 | Q17: 249698.69 | R17: 267681.3 | S17: 273457.56 | T17: 269289.99 | U17: 277622.99 | V17: 273077.99 | W17: 285079.64 | X17: 283128.35 | Y17: 304709.16 | Z17: 307444.9 | AA17: 308984.89 | AB17: 341539.2 | AC17: 350855.83 | AD17: 357793.44 | AE17: 346301.94 | AF17: 326132.83 | AG17: 291668.03 | AH17: 318470.34 | AI17: 313723.94 | AJ17: 314402.25 | AK17: 314630.27
A18: Oil and petroleum products | B18: Gross inland deliveries | C18: 529267.33 | D18: 536663.98 | E18: 537195.66 | F18: 530270.04 | G18: 536855.19 | H18: 545861.74 | I18: 557638.83 | J18: 562615.12 | K18: 574527.21 | L18: 566911.05 | M18: 559736.19 | N18: 569350.16 | O18: 565253.24 | P18: 569459.28 | Q18: 571454.98 | R18: 570756.7 | S18: 570661.84 | T18: 556466.45 | U18: 553267.84 | V18: 524432.26 | W18: 525091.39 | X18: 511841.17 | Y18: 494744.67 | Z18: 480987.86 | AA18: 478063.41 | AB18: 485001.4 | AC18: 488718.13 | AD18: 501026.03 | AE18: 496825.58 | AF18: 498114.35 | AG18: 438350.25 | AH18: 461104.45 | AI18: 473022.18 | AJ18: 463027.87 | AK18: :
A19: Oil and petroleum products | B19: Gross inland deliveries - calculated | C19: 529837.7 | D19: 534957.29 | E19: 530830.49 | F19: 529688.87 | G19: 530928.96 | H19: 541363.44 | I19: 554488.46 | J19: 559088.04 | K19: 572838.05 | L19: 563406.63 | M19: 552553.72 | N19: 569386.62 | O19: 565183.14 | P19: 568523.66 | Q19: 569602.61 | R19: 565761.7 | S19: 566898.09 | T19: 551361.31 | U19: 554235.6 | V19: 527057.46 | W19: 526678.39 | X19: 513824.13 | Y19: 494098.24 | Z19: 478723.11 | AA19: 477887.5 | AB19: 485043.71 | AC19: 488400.77 | AD19: 503819.47 | AE19: 499898.22 | AF19: 499840.2 | AG19: 438262.11 | AH19: 457929.15 | AI19: 468005.63 | AJ19: 463366.46 | AK19: 456583.88
A20: Oil and petroleum products | B20: Gross inland deliveries - observed | C20: 529267.33 | D20: 536663.98 | E20: 537195.66 | F20: 530270.04 | G20: 536855.19 | H20: 545861.74 | I20: 557638.83 | J20: 562615.12 | K20: 574527.21 | L20: 566911.05 | M20: 559736.19 | N20: 569350.16 | O20: 565253.24 | P20: 569459.28 | Q20: 571454.98 | R20: 570756.7 | S20: 570661.84 | T20: 556466.45 | U20: 553267.84 | V20: 524432.26 | W20: 525091.39 | X20: 511841.17 | Y20: 494744.67 | Z20: 480987.86 | AA20: 478063.41 | AB20: 485001.4 | AC20: 488718.13 | AD20: 501026.03 | AE20: 496825.58 | AF20: 498114.35 | AG20: 438261.59 | AH20: 461104.45 | AI20: 473022.18 | AJ20: 463027.87 | AK20: :
A21: Oil and petroleum products (excluding biofuel portion) | B21: Indigenous production | C21: 40179 | D21: 38934.9 | E21: 38690.6 | F21: 38565.6 | G21: 40102.7 | H21: 39315.9 | I21: 38995.8 | J21: 39962.2 | K21: 39298.9 | L21: 40561.3 | M21: 43871 | N21: 41905 | O21: 46800 | P21: 46864 | Q21: 46345 | R21: 45545.786 | S21: 42693.14 | T21: 40614.23 | U21: 38034.386 | V21: 34703.223 | W21: 33185.002 | X21: 31460.979 | Y21: 30224.903 | Z21: 29391.375 | AA21: 29006.891 | AB21: 28201.078 | AC21: 25211.285 | AD21: 25073.924 | AE21: 24573.253 | AF21: 22755.252 | AG21: 21445.329 | AH21: 20209.433 | AI21: 18838.68 | AJ21: 19057.031 | AK21: 17981.282
A22: Oil and petroleum products (excluding biofuel portion) | B22: Imports | C22: 734076.41 | D22: 717812.22 | E22: 724229.21 | F22: 728577.44 | G22: 736509.9 | H22: 735994.9 | I22: 761875.66 | J22: 773656 | K22: 801986.05 | L22: 770601.81 | M22: 792731.36 | N22: 802352.24 | O22: 796912.35 | P22: 816005.22 | Q22: 843240.47 | R22: 867306.65 | S22: 873969.36 | T22: 852291.33 | U22: 866360.98 | V22: 821819.22 | W22: 829794.04 | X22: 809942.35 | Y22: 810311.62 | Z22: 800522.54 | AA22: 796084.97 | AB22: 847870.97 | AC22: 852645.13 | AD22: 867454.61 | AE22: 855690.51 | AF22: 845785.12 | AG22: 743881.25 | AH22: 769496.41 | AI22: 807653.69 | AJ22: 784227.26 | AK22: 789495.98
A23: Oil and petroleum products (excluding biofuel portion) | B23: Exports | C23: 189919.42 | D23: 172739.9 | E23: 175971.27 | F23: 186644.8 | G23: 189489.06 | H23: 178508.45 | I23: 186748 | J23: 194195.46 | K23: 198974.4 | L23: 197937.7 | M23: 216892.99 | N23: 212488.51 | O23: 214965.35 | P23: 223444.29 | Q23: 249698.69 | R23: 267681.19 | S23: 273380.27 | T23: 269217.29 | U23: 277238.05 | V23: 272646 | W23: 284677.95 | X23: 282673.4 | Y23: 304183.08 | Z23: 306942.12 | AA23: 308527.67 | AB23: 341038.96 | AC23: 350295.54 | AD23: 357189.27 | AE23: 345550.61 | AF23: 325266.37 | AG23: 290734.35 | AH23: 317638.55 | AI23: 312869.06 | AJ23: 313638.29 | AK23: 313755.46
A24: Oil and petroleum products (excluding biofuel portion) | B24: Gross inland deliveries | C24: 529267.33 | D24: 536663.98 | E24: 537183.66 | F24: 530218.04 | G24: 536724.19 | H24: 545657.74 | I24: 557334.83 | J24: 562215.12 | K24: 574163.21 | L24: 566530.05 | M24: 559192.19 | N24: 568770.16 | O24: 564529.24 | P24: 568600.28 | Q24: 569938.98 | R24: 568189.32 | S24: 566886.08 | T24: 550303.55 | U24: 543846.11 | V24: 512137.2 | W24: 511092.83 | X24: 496900.51 | Y24: 478754.32 | Z24: 466632.89 | AA24: 462779.96 | AB24: 469719.21 | AC24: 473550.24 | AD24: 484764.35 | AE24: 478735.83 | AF24: 479302.54 | AG24: 419364.1 | AH24: 441179.65 | AI24: 452948.45 | AJ24: 442044.14 | AK24: :
A25: Oil and petroleum products (excluding biofuel portion) | B25: Gross inland deliveries - calculated | C25: 529837.7 | D25: 534957.29 | E25: 530818.49 | F25: 529636.87 | G25: 530797.96 | H25: 541159.44 | I25: 554184.46 | J25: 558688.04 | K25: 572474.05 | L25: 563025.63 | M25: 552009.72 | N25: 568806.62 | O25: 564459.14 | P25: 567664.66 | Q25: 568086.61 | R25: 563178.41 | S25: 563118.98 | T25: 545328.67 | U25: 544846.2 | V25: 514731.17 | W25: 512663.72 | X25: 498838.31 | Y25: 478083.41 | Z25: 464440.17 | AA25: 462786.04 | AB25: 469828.78 | AC25: 473400.81 | AD25: 487254.42 | AE25: 482026.69 | AF25: 480996.76 | AG25: 419594.58 | AH25: 438044.41 | AI25: 448540.96 | AJ25: 442305.38 | AK25: 437373.42
A26: Oil and petroleum products (excluding biofuel portion) | B26: Gross inland deliveries - observed | C26: 529267.33 | D26: 536663.98 | E26: 537183.66 | F26: 530218.04 | G26: 536724.19 | H26: 545657.74 | I26: 557334.83 | J26: 562215.12 | K26: 574163.21 | L26: 566530.05 | M26: 559192.19 | N26: 568770.16 | O26: 564529.24 | P26: 568600.28 | Q26: 569938.98 | R26: 568189.32 | S26: 566886.08 | T26: 550303.55 | U26: 543846.11 | V26: 512137.2 | W26: 511092.83 | X26: 496900.51 | Y26: 478754.32 | Z26: 466632.89 | AA26: 462779.96 | AB26: 469719.21 | AC26: 473550.24 | AD26: 484764.35 | AE26: 478735.83 | AF26: 479302.54 | AG26: 419275.45 | AH26: 441179.65 | AI26: 452948.45 | AJ26: 442044.14 | AK26: :
A27: Oil products | B27: Indigenous production | C27: : | D27: : | E27: : | F27: : | G27: : | H27: : | I27: : | J27: : | K27: : | L27: : | M27: : | N27: : | O27: : | P27: : | Q27: : | R27: : | S27: : | T27: : | U27: : | V27: : | W27: : | X27: : | Y27: : | Z27: : | AA27: : | AB27: : | AC27: : | AD27: : | AE27: : | AF27: : | AG27: : | AH27: : | AI27: : | AJ27: : | AK27: :
A28: Oil products | B28: Imports | C28: 205762.78 | D28: 204465.1 | E28: 198926.1 | F28: 201745.59 | G28: 195193.61 | H28: 196093.44 | I28: 206548.27 | J28: 206672.07 | K28: 209434.08 | L28: 209376.38 | M28: 219735.18 | N28: 226906.7 | O28: 235167.26 | P28: 237100.31 | Q28: 250959.02 | R28: 272267.26 | S28: 279379.67 | T28: 265494.51 | U28: 278644.08 | V28: 279399.3 | W28: 290841.97 | X28: 289276.77 | Y28: 281785.03 | Z28: 289994.13 | AA28: 287816.44 | AB28: 306129.29 | AC28: 317325.64 | AD28: 318602.55 | AE28: 317536.71 | AF28: 316619.59 | AG28: 280797.21 | AH28: 297062.89 | AI28: 301680.68 | AJ28: 288398.08 | AK28: 293457.53
A29: Oil products | B29: Exports | C29: 172029.24 | D29: 161910.3 | E29: 162558.97 | F29: 172777.2 | G29: 173963.66 | H29: 165552.15 | I29: 172571 | J29: 176748.26 | K29: 183296.5 | L29: 178588.5 | M29: 192468.99 | N29: 194212.51 | O29: 193806.35 | P29: 201273.29 | Q29: 225604.69 | R29: 244421.46 | S29: 252494.35 | T29: 248766.93 | U29: 258741.43 | V29: 254742.1 | W29: 266747.07 | X29: 266963.84 | Y29: 286903 | Z29: 289812.65 | AA29: 291757.89 | AB29: 325324.77 | AC29: 335013.65 | AD29: 341222.55 | AE29: 331498.87 | AF29: 312671.71 | AG29: 278469.99 | AH29: 304474.01 | AI29: 301431.63 | AJ29: 299995.87 | AK29: 303354.82
A30: Oil products | B30: Gross inland deliveries | C30: 525765.87 | D30: 533376.89 | E30: 533891.84 | F30: 526051.58 | G30: 532563.1 | H30: 542148.28 | I30: 554195.74 | J30: 558666.4 | K30: 570474.85 | L30: 562708.6 | M30: 555149 | N30: 564849.61 | O30: 559823.87 | P30: 564642.1 | Q30: 566656.25 | R30: 565772.43 | S30: 565398.84 | T30: 552075.82 | U30: 549052.12 | V30: 520376.08 | W30: 521137.48 | X30: 507920.99 | Y30: 491162.21 | Z30: 477292.31 | AA30: 474475.5 | AB30: 481723.42 | AC30: 485267.17 | AD30: 497991.22 | AE30: 494240.45 | AF30: 495946.48 | AG30: 435991.29 | AH30: 458871.67 | AI30: 470562.5 | AJ30: 459309.59 | AK30: :
A31: Oil products | B31: Gross inland deliveries - calculated | C31: 526336.24 | D31: 531670.2 | E31: 527526.67 | F31: 525470.41 | G31: 526636.87 | H31: 537649.99 | I31: 551044.37 | J31: 555138.31 | K31: 568786.68 | L31: 559204.18 | M31: 547966.54 | N31: 564886.08 | O31: 559752.78 | P31: 563707.48 | Q31: 564803.88 | R31: 560777.43 | S31: 561635.09 | T31: 546970.67 | U31: 550018.88 | V31: 523001.28 | W31: 522724.48 | X31: 509901.95 | Y31: 490514.78 | Z31: 475028.57 | AA31: 474299.59 | AB31: 481765.73 | AC31: 484949.8 | AD31: 500784.66 | AE31: 497313.09 | AF31: 497672.32 | AG31: 435903.16 | AH31: 455696.37 | AI31: 465545.96 | AJ31: 459648.19 | AK31: 454038.37
A32: Oil products | B32: Gross inland deliveries - observed | C32: 525765.87 | D32: 533376.89 | E32: 533891.84 | F32: 526051.58 | G32: 532563.1 | H32: 542148.28 | I32: 554195.74 | J32: 558666.4 | K32: 570474.85 | L32: 562708.6 | M32: 555149 | N32: 564849.61 | O32: 559823.87 | P32: 564642.1 | Q32: 566656.25 | R32: 565772.43 | S32: 565398.84 | T32: 552075.82 | U32: 549052.12 | V32: 520376.08 | W32: 521137.48 | X32: 507920.99 | Y32: 491162.21 | Z32: 477292.31 | AA32: 474475.5 | AB32: 481723.42 | AC32: 485267.17 | AD32: 497991.22 | AE32: 494240.45 | AF32: 495946.48 | AG32: 435902.64 | AH32: 458871.67 | AI32: 470562.5 | AJ32: 459309.59 | AK32: :
A33: Oil products (excluding biofuel portion) | B33: Indigenous production | C33: : | D33: : | E33: : | F33: : | G33: : | H33: : | I33: : | J33: : | K33: : | L33: : | M33: : | N33: : | O33: : | P33: : | Q33: : | R33: : | S33: : | T33: : | U33: : | V33: : | W33: : | X33: : | Y33: : | Z33: : | AA33: : | AB33: : | AC33: : | AD33: : | AE33: : | AF33: : | AG33: : | AH33: : | AI33: : | AJ33: : | AK33: :
A34: Oil products (excluding biofuel portion) | B34: Imports | C34: 205762.78 | D34: 204465.1 | E34: 198926.1 | F34: 201745.59 | G34: 195193.61 | H34: 196093.44 | I34: 206548.27 | J34: 206672.07 | K34: 209434.08 | L34: 209376.38 | M34: 219735.18 | N34: 226906.7 | O34: 235167.26 | P34: 237100.31 | Q34: 250959.02 | R34: 272242.82 | S34: 279171.56 | T34: 265223.93 | U34: 278275.93 | V34: 278809.41 | W34: 290178.95 | X34: 288402.69 | Y34: 281060.48 | Z34: 289383.48 | AA34: 287126.01 | AB34: 305363.07 | AC34: 316533.08 | AD34: 317650.17 | AE34: 316503.23 | AF34: 315442.48 | AG34: 279570.05 | AH34: 295811.71 | AI34: 300447.27 | AJ34: 287147.72 | AK34: 292116.1
A35: Oil products (excluding biofuel portion) | B35: Exports | C35: 172029.24 | D35: 161910.3 | E35: 162558.97 | F35: 172777.2 | G35: 173963.66 | H35: 165552.15 | I35: 172571 | J35: 176748.26 | K35: 183296.5 | L35: 178588.5 | M35: 192468.99 | N35: 194212.51 | O35: 193806.35 | P35: 201273.29 | Q35: 225604.69 | R35: 244421.35 | S35: 252417.05 | T35: 248694.23 | U35: 258356.5 | V35: 254310.11 | W35: 266345.38 | X35: 266508.89 | Y35: 286376.92 | Z35: 289309.88 | AA35: 291300.67 | AB35: 324824.53 | AC35: 334453.36 | AD35: 340618.38 | AE35: 330747.54 | AF35: 311805.25 | AG35: 277536.3 | AH35: 303642.23 | AI35: 300576.75 | AJ35: 299231.91 | AK35: 302480.01
A36: Oil products (excluding biofuel portion) | B36: Gross inland deliveries | C36: 525765.87 | D36: 533376.89 | E36: 533879.84 | F36: 525999.58 | G36: 532432.1 | H36: 541944.28 | I36: 553891.74 | J36: 558266.4 | K36: 570110.85 | L36: 562327.6 | M36: 554605 | N36: 564269.61 | O36: 559099.87 | P36: 563783.1 | Q36: 565140.25 | R36: 563205.05 | S36: 561623.08 | T36: 545912.91 | U36: 539630.38 | V36: 508081.02 | W36: 507138.92 | X36: 492980.33 | Y36: 475171.86 | Z36: 462937.35 | AA36: 459192.05 | AB36: 466441.23 | AC36: 470099.28 | AD36: 481729.54 | AE36: 476150.7 | AF36: 477134.67 | AG36: 417005.15 | AH36: 438946.86 | AI36: 450488.78 | AJ36: 438325.86 | AK36: :
A37: Oil products (excluding biofuel portion) | B37: Gross inland deliveries - calculated | C37: 526336.24 | D37: 531670.2 | E37: 527514.67 | F37: 525418.41 | G37: 526505.87 | H37: 537445.99 | I37: 550740.37 | J37: 554738.31 | K37: 568422.68 | L37: 558823.18 | M37: 547422.54 | N37: 564306.08 | O37: 559028.78 | P37: 562848.48 | Q37: 563287.88 | R37: 558194.13 | S37: 557855.98 | T37: 540938.03 | U37: 540629.47 | V37: 510674.99 | W37: 508709.81 | X37: 494916.13 | Y37: 474499.96 | Z37: 460745.62 | AA37: 459198.13 | AB37: 466550.79 | AC37: 469949.85 | AD37: 484219.61 | AE37: 479441.55 | AF37: 478828.88 | AG37: 417235.62 | AH37: 435811.62 | AI37: 446081.28 | AJ37: 438587.1 | AK37: 434827.9
A38: Oil products (excluding biofuel portion) | B38: Gross inland deliveries - observed | C38: 525765.87 | D38: 533376.89 | E38: 533879.84 | F38: 525999.58 | G38: 532432.1 | H38: 541944.28 | I38: 553891.74 | J38: 558266.4 | K38: 570110.85 | L38: 562327.6 | M38: 554605 | N38: 564269.61 | O38: 559099.87 | P38: 563783.1 | Q38: 565140.25 | R38: 563205.05 | S38: 561623.08 | T38: 545912.91 | U38: 539630.38 | V38: 508081.02 | W38: 507138.92 | X38: 492980.33 | Y38: 475171.86 | Z38: 462937.35 | AA38: 459192.05 | AB38: 466441.23 | AC38: 470099.28 | AD38: 481729.54 | AE38: 476150.7 | AF38: 477134.67 | AG38: 416916.49 | AH38: 438946.86 | AI38: 450488.78 | AJ38: 438325.86 | AK38: :
A40: Special value
A41: : | B41: not available
A43: https://ec.europa.eu/eurostat/databrowser/view/NRG_CB_OIL__custom_11906162/default/table?lang=en
A44: Supply, transformation and consumption of oil and petroleum products
A47: Data extracted on 25/06/2025 13:31:16 from [ESTAT]
A48: Dataset: | B48: Supply, transformation and consumption of oil and petroleum products [nrg_cb_oil__custom_11906162]
A49: Last updated: | B49: 45833.458
A51: Time frequency | C51: Annual
A52: Unit of measure | C52: Thousand tonnes
A53: Geopolitical entity (reporting) | C53: European Union - 27 countries (from 2020)
A55: TIME | B55: TIME | C55: 1990 | D55: 1991 | E55: 1992 | F55: 1993 | G55: 1994 | H55: 1995 | I55: 1996 | J55: 1997 | K55: 1998 | L55: 1999 | M55: 2000 | N55: 2001 | O55: 2002 | P55: 2003 | Q55: 2004 | R55: 2005 | S55: 2006 | T55: 2007 | U55: 2008 | V55: 2009 | W55: 2010 | X55: 2011 | Y55: 2012 | Z55: 2013 | AA55: 2014 | AB55: 2015 | AC55: 2016 | AD55: 2017 | AE55: 2018 | AF55: 2019 | AG55: 2020 | AH55: 2021 | AI55: 2022 | AJ55: 2023 | AK55: 2024
A56: SIEC (Labels) | B56: NRG_BAL (Labels)
A57: Crude oil, NGL, refinery feedstocks, additives and oxygenates and other hydrocarbons | B57: Indigenous production | C57: 40179 | D57: 38934.9 | E57: 38690.6 | F57: 38565.6 | G57: 40102.7 | H57: 39315.9 | I57: 38995.8 | J57: 39962.2 | K57: 39298.9 | L57: 40561.3 | M57: 43871 | N57: 41905 | O57: 46800 | P57: 46864 | Q57: 46345 | R57: 45545.786 | S57: 42693.14 | T57: 40614.23 | U57: 38034.386 | V57: 34703.223 | W57: 33185.002 | X57: 31460.979 | Y57: 30224.903 | Z57: 29391.375 | AA57: 29006.891 | AB57: 28201.078 | AC57: 25211.285 | AD57: 25073.924 | AE57: 24573.253 | AF57: 22755.252 | AG57: 21445.329 | AH57: 20209.433 | AI57: 18838.68 | AJ57: 19057.031 | AK57: 17981.282
A58: Crude oil, NGL, refinery feedstocks, additives and oxygenates and other hydrocarbons | B58: Transfer from other sources | C58: 400 | D58: 368 | E58: 476 | F58: 493 | G58: 612 | H58: 735 | I58: 930 | J58: 1012 | K58: 858 | L58: 802 | M58: 1188 | N58: 1393 | O58: 1672 | P58: 1795 | Q58: 2445 | R58: 3643.158 | S58: 4733.036 | T58: 7208.195 | U58: 10964.454 | V58: 13676.464 | W58: 15247.291 | X58: 15989.729 | Y58: 17473.748 | Z58: 16053.162 | AA58: 16863.481 | AB58: 17255.287 | AC58: 16956.136 | AD58: 18657.489 | AE58: 20655.585 | AF58: 21244.419 | AG58: 21906.515 | AH58: 22594.929 | AI58: 22289.955 | AJ58: 23028.462 | AK58: 21818.459
A59: Crude oil, NGL, refinery feedstocks, additives and oxygenates and other hydrocarbons | B59: Recovered and recycled products | C59: : | D59: : | E59: : | F59: : | G59: : | H59: : | I59: : | J59: : | K59: : | L59: : | M59: : | N59: : | O59: : | P59: : | Q59: : | R59: : | S59: : | T59: : | U59: : | V59: : | W59: : | X59: : | Y59: : | Z59: : | AA59: : | AB59: : | AC59: : | AD59: : | AE59: : | AF59: : | AG59: : | AH59: : | AI59: : | AJ59: : | AK59: :
A60: Crude oil, NGL, refinery feedstocks, additives and oxygenates and other hydrocarbons | B60: Imports | C60: 528313.64 | D60: 513347.12 | E60: 525303.12 | F60: 526831.85 | G60: 541316.29 | H60: 539901.45 | I60: 555327.39 | J60: 566983.93 | K60: 592551.96 | L60: 561225.43 | M60: 572996.18 | N60: 575445.55 | O60: 561745.09 | P60: 578904.91 | Q60: 592281.45 | R60: 595063.83 | S60: 594797.81 | T60: 587067.4 | U60: 588085.05 | V60: 543009.82 | W60: 539615.09 | X60: 521539.66 | Y60: 529251.14 | Z60: 511139.05 | AA60: 508958.96 | AB60: 542507.9 | AC60: 536112.05 | AD60: 549804.44 | AE60: 539187.28 | AF60: 530342.65 | AG60: 464311.2 | AH60: 473684.71 | AI60: 507206.42 | AJ60: 497079.54 | AK60: 497379.88
A61: Crude oil, NGL, refinery feedstocks, additives and oxygenates and other hydrocarbons | B61: Exports | C61: 17890.182 | D61: 10829.6 | E61: 13412.3 | F61: 13867.6 | G61: 15525.4 | H61: 12956.3 | I61: 14177 | J61: 17447.2 | K61: 15677.9 | L61: 19349.2 | M61: 24424 | N61: 18276 | O61: 21159 | P61: 22171 | Q61: 24094 | R61: 23259.838 | S61: 20963.212 | T61: 20523.058 | U61: 18881.559 | V61: 18335.885 | W61: 18332.562 | X61: 16164.508 | Y61: 17806.16 | Z61: 17632.243 | AA61: 17227 | AB61: 16214.427 | AC61: 15842.173 | AD61: 16570.891 | AE61: 14803.069 | AF61: 13461.119 | AG61: 13198.043 | AH61: 13996.324 | AI61: 12292.311 | AJ61: 14406.378 | AK61: 11275.448
A62: Crude oil, NGL, refinery feedstocks, additives and oxygenates and other hydrocarbons | B62: Change in stock | C62: -1630 | D62: 3042.3 | E62: -6208.1 | F62: 853.4 | G62: -669.2 | H62: 426.5 | I62: -216.1 | J62: 683.8 | K62: -3633.4 | L62: 1350 | M62: 1105 | N62: -1819 | O62: 348 | P62: -2574 | Q62: -3037 | R62: 337.512 | S62: -1799.853 | T62: -521.226 | U62: -2898.324 | V62: 1067.86 | W62: -106.043 | X62: 3367.807 | Y62: -998.255 | Z62: -2185.563 | AA62: 1073.662 | AB62: -4273.489 | AC62: 3046.025 | AD62: 1682.297 | AE62: 912.766 | AF62: -2918.079 | AG62: -957.498 | AH62: 5709.918 | AI62: -5698.125 | AJ62: 4042.544 | AK62: 49.743
A63: Crude oil, NGL, refinery feedstocks, additives and oxygenates and other hydrocarbons | B63: International maritime bunkers | C63: : | D63: : | E63: : | F63: : | G63: : | H63: : | I63: : | J63: : | K63: : | L63: : | M63: : | N63: : | O63: : | P63: : | Q63: : | R63: : | S63: : | T63: : | U63: : | V63: : | W63: : | X63: : | Y63: : | Z63: : | AA63: : | AB63: : | AC63: : | AD63: : | AE63: : | AF63: : | AG63: : | AH63: : | AI63: : | AJ63: : | AK63: :
A64: Crude oil, NGL, refinery feedstocks, additives and oxygenates and other hydrocarbons | B64: Gross inland deliveries | C64: 3501.455 | D64: 3287.091 | E64: 3303.818 | F64: 4218.455 | G64: 4292.091 | H64: 3713.455 | I64: 3443.091 | J64: 3948.727 | K64: 4052.364 | L64: 4202.455 | M64: 4587.182 | N64: 4500.545 | O64: 5429.364 | P64: 4817.182 | Q64: 4798.727 | R64: 4984.273 | S64: 5263 | T64: 4390.637 | U64: 4215.727 | V64: 4056.182 | W64: 3953.909 | X64: 3920.182 | Y64: 3582.454 | Z64: 3695.546 | AA64: 3587.909 | AB64: 3277.981 | AC64: 3450.962 | AD64: 3034.807 | AE64: 2585.133 | AF64: 2167.873 | AG64: 2358.952 | AH64: 2232.783 | AI64: 2459.674 | AJ64: 3718.278 | AK64: :
A65: Crude oil, NGL, refinery feedstocks, additives and oxygenates and other hydrocarbons | B65: Gross inland deliveries - calculated | C65: 3501.455 | D65: 3287.091 | E65: 3303.818 | F65: 4218.455 | G65: 4292.091 | H65: 3713.455 | I65: 3444.091 | J65: 3949.727 | K65: 4051.364 | L65: 4202.455 | M65: 4587.182 | N65: 4500.545 | O65: 5430.364 | P65: 4816.182 | Q65: 4798.727 | R65: 4984.273 | S65: 5263 | T65: 4390.636 | U65: 4216.727 | V65: 4056.182 | W65: 3953.909 | X65: 3922.182 | Y65: 3583.455 | Z65: 3694.545 | AA65: 3587.909 | AB65: 3277.981 | AC65: 3450.962 | AD65: 3034.808 | AE65: 2585.133 | AF65: 2167.873 | AG65: 2358.952 | AH65: 2232.783 | AI65: 2459.674 | AJ65: 3718.278 | AK65: 2545.517
A66: Crude oil, NGL, refinery feedstocks, additives and oxygenates and other hydrocarbons | B66: Transformation output - refineries and petrochemical industry - refinery output | C66: : | D66: : | E66: : | F66: : | G66: : | H66: : | I66: : | J66: : | K66: : | L66: : | M66: : | N66: : | O66: : | P66: : | Q66: : | R66: : | S66: : | T66: : | U66: : | V66: : | W66: : | X66: : | Y66: : | Z66: : | AA66: : | AB66: : | AC66: : | AD66: : | AE66: : | AF66: : | AG66: : | AH66: : | AI66: : | AJ66: : | AK66: :
A67: Crude oil, NGL, refinery feedstocks, additives and oxygenates and other hydrocarbons | B67: Refinery intake - calculated | C67: 570925 | D67: 562983.63 | E67: 565476 | F67: 575482.8 | G67: 587454.3 | H67: 588730.1 | I67: 603257.7 | J67: 613268 | K67: 637397.2 | L67: 607465.07 | M67: 618616 | N67: 620634 | O67: 615367.73 | P67: 624160.73 | Q67: 633921.73 | R67: 638975.8 | S67: 639519.76 | T67: 634186.03 | U67: 630849.01 | V67: 588035.91 | W67: 583073.35 | X67: 569874.64 | Y67: 568493.38 | Z67: 546478.62 | AA67: 549130.47 | AB67: 575750.05 | AC67: 575409.53 | AD67: 588041.68 | AE67: 579687.87 | AF67: 570162.37 | AG67: 501980.23 | AH67: 519913.75 | AI67: 542008.93 | AJ67: 534315.96 | AK67: 529654.82
A68: Crude oil, NGL, refinery feedstocks, additives and oxygenates and other hydrocarbons | B68: Refinery fuel | C68: : | D68: : | E68: : | F68: : | G68: : | H68: : | I68: : | J68: : | K68: : | L68: : | M68: : | N68: : | O68: : | P68: : | Q68: : | R68: : | S68: : | T68: : | U68: : | V68: : | W68: : | X68: : | Y68: : | Z68: : | AA68: : | AB68: : | AC68: : | AD68: : | AE68: : | AF68: : | AG68: : | AH68: : | AI68: : | AJ68: : | AK68: :
A69: Crude oil, NGL, refinery feedstocks, additives and oxygenates and other hydrocarbons | B69: Backflows | C69: 14521 | D69: 13700 | E69: 13642 | F69: 13757 | G69: 14729 | H69: 13765 | I69: 13916 | J69: 14903 | K69: 15295 | L69: 13472 | M69: 15191 | N69: 15047 | O69: 14563 | P69: 15093 | Q69: 15174.463 | R69: 15346.671 | S69: 15225.417 | T69: 15430.627 | U69: 13749.647 | V69: 14590.856 | W69: 15772.165 | X69: 15718.514 | Y69: 15183.874 | Z69: 13884.484 | AA69: 15170.97 | AB69: 16010.309 | AC69: 15265.981 | AD69: 15899.17 | AE69: 14434.891 | AF69: 14873.117 | AG69: 14846.662 | AH69: 14846.572 | AI69: 15841.971 | AJ69: 14374.904 | AK69: 11684.064
A70: Crude oil, NGL, refinery feedstocks, additives and oxygenates and other hydrocarbons | B70: Primary product receipts | C70: 4522.455 | D70: 4301.091 | E70: 4401.318 | F70: 5158.455 | G70: 5326.091 | H70: 4554.455 | I70: 4200.391 | J70: 4678.727 | K70: 4519.364 | L70: 4718.455 | M70: 4988.182 | N70: 4895.545 | O70: 6036.364 | P70: 5437.182 | Q70: 5490.727 | R70: 5596.273 | S70: 5737 | T70: 4829.636 | U70: 4727.727 | V70: 4543.682 | W70: 4495.909 | X70: 4364.182 | Y70: 3846.455 | Z70: 4462.545 | AA70: 4789.909 | AB70: 4330.92 | AC70: 4306.896 | AD70: 4589.999 | AE70: 4245.236 | AF70: 3949.763 | AG70: 4061.954 | AH70: 5028.438 | AI70: 4792.909 | AJ70: 6324.449 | AK70: 5096.158
A71: Crude oil, NGL, refinery feedstocks, additives and oxygenates and other hydrocarbons | B71: Interproduct transfers | C71: -1021 | D71: -1014 | E71: -1097.5 | F71: -940 | G71: -1034 | H71: -841 | I71: -756.3 | J71: -729 | K71: -468 | L71: -516 | M71: -401 | N71: -395 | O71: -606 | P71: -621 | Q71: -692 | R71: -612 | S71: -474 | T71: -439 | U71: -511 | V71: -487.5 | W71: -542 | X71: -442 | Y71: -263 | Z71: -768 | AA71: -1202 | AB71: -1052.939 | AC71: -855.934 | AD71: -1555.191 | AE71: -1660.103 | AF71: -1781.89 | AG71: -1703.002 | AH71: -2795.655 | AI71: -2333.235 | AJ71: -2606.171 | AK71: -2550.641
A72: Crude oil, NGL, refinery feedstocks, additives and oxygenates and other hydrocarbons | B72: Products transferred | C72: 14949 | D72: 12447 | E72: 14856 | F72: 17528 | G72: 15830 | H72: 16523 | I72: 18214 | J72: 17899 | K72: 18722 | L72: 19895 | M72: 20027 | N72: 18478 | O72: 24834 | P72: 19399 | Q72: 19042 | R72: 16915.779 | S72: 20418.881 | T72: 22112.321 | U72: 21658.183 | V72: 23778.577 | W72: 24809.78 | X72: 24403.89 | Y72: 23203.207 | Z72: 22653.547 | AA72: 23632.87 | AB72: 20666.476 | AC72: 22770.325 | AD72: 22916.131 | AE72: 25019.801 | AF72: 27907.239 | AG72: 25298.814 | AH72: 30387.105 | AI72: 29369.911 | AJ72: 25568.986 | AK72: 23703.848
A73: Crude oil, NGL, refinery feedstocks, additives and oxygenates and other hydrocarbons | B73: Direct use | C73: 7917.455 | D73: 8026.091 | E73: 7871.318 | F73: 8678.455 | G73: 8941.091 | H73: 8980.455 | I73: 9732.391 | J73: 10728.727 | K73: 10017.364 | L73: 10491.455 | M73: 11338.182 | N73: 11539.545 | O73: 13435.364 | P73: 13150.182 | Q73: 14235.19 | R73: 14617.102 | S73: 15585.453 | T73: 17202.458 | U73: 19862.828 | V73: 24455.002 | W73: 27117.365 | X73: 26441.425 | Y73: 28039.077 | Z73: 26825.191 | AA73: 28349.36 | AB73: 28403.085 | AC73: 28110.1 | AD73: 29420.889 | AE73: 30292.635 | AF73: 30581.104 | AG73: 31672.749 | AH73: 33522.593 | AI73: 33547.57 | AJ73: 34429.123 | AK73: 31687.012
A74: Oil products | B74: Indigenous production | C74: : | D74: : | E74: : | F74: : | G74: : | H74: : | I74: : | J74: : | K74: : | L74: : | M74: : | N74: : | O74: : | P74: : | Q74: : | R74: : | S74: : | T74: : | U74: : | V74: : | W74: : | X74: : | Y74: : | Z74: : | AA74: : | AB74: : | AC74: : | AD74: : | AE74: : | AF74: : | AG74: : | AH74: : | AI74: : | AJ74: : | AK74: :
A75: Oil products | B75: Transfer from other sources | C75: : | D75: : | E75: : | F75: : | G75: : | H75: : | I75: : | J75: : | K75: : | L75: : | M75: : | N75: : | O75: : | P75: : | Q75: : | R75: : | S75: : | T75: : | U75: : | V75: : | W75: : | X75: : | Y75: : | Z75: : | AA75: : | AB75: : | AC75: : | AD75: : | AE75: : | AF75: : | AG75: : | AH75: : | AI75: : | AJ75: : | AK75: :
A76: Oil products | B76: Recovered and recycled products | C76: 596 | D76: 670 | E76: 640 | F76: 574 | G76: 596 | H76: 654 | I76: 749 | J76: 700 | K76: 812 | L76: 911 | M76: 1024 | N76: 1152 | O76: 1150 | P76: 1099 | Q76: 1010 | R76: 930 | S76: 939 | T76: 1013 | U76: 1013 | V76: 961 | W76: 877 | X76: 951 | Y76: 1053.968 | Z76: 1076.629 | AA76: 1253.605 | AB76: 1089.161 | AC76: 1096.142 | AD76: 1162.374 | AE76: 1133.809 | AF76: 1236.981 | AG76: 1186.122 | AH76: 1199.052 | AI76: 1255.774 | AJ76: 1359.121 | AK76: 1173.474
A77: Oil products | B77: Imports | C77: 205762.78 | D77: 204465.1 | E77: 198926.1 | F77: 201745.59 | G77: 195193.61 | H77: 196093.44 | I77: 206548.27 | J77: 206672.07 | K77: 209434.08 | L77: 209376.38 | M77: 219735.18 | N77: 226906.7 | O77: 235167.26 | P77: 237100.31 | Q77: 250959.02 | R77: 272267.26 | S77: 279379.67 | T77: 265494.51 | U77: 278644.08 | V77: 279399.3 | W77: 290841.97 | X77: 289276.77 | Y77: 281785.03 | Z77: 289994.13 | AA77: 287816.44 | AB77: 306129.29 | AC77: 317325.64 | AD77: 318602.55 | AE77: 317536.71 | AF77: 316619.59 | AG77: 280797.21 | AH77: 297062.89 | AI77: 301680.68 | AJ77: 288398.08 | AK77: 293457.53
A78: Oil products | B78: Exports | C78: 172029.24 | D78: 161910.3 | E78: 162558.97 | F78: 172777.2 | G78: 173963.66 | H78: 165552.15 | I78: 172571 | J78: 176748.26 | K78: 183296.5 | L78: 178588.5 | M78: 192468.99 | N78: 194212.51 | O78: 193806.35 | P78: 201273.29 | Q78: 225604.69 | R78: 244421.46 | S78: 252494.35 | T78: 248766.93 | U78: 258741.43 | V78: 254742.1 | W78: 266747.07 | X78: 266963.84 | Y78: 286903 | Z78: 289812.65 | AA78: 291757.89 | AB78: 325324.77 | AC78: 335013.65 | AD78: 341222.55 | AE78: 331498.87 | AF78: 312671.71 | AG78: 278469.99 | AH78: 304474.01 | AI78: 301431.63 | AJ78: 299995.87 | AK78: 303354.82
A79: Oil products | B79: Change in stock | C79: 968 | D79: -95.2 | E79: 379.1 | F79: 620.1 | G79: -2397.2 | H79: 1704 | I79: 227.8 | J79: -2051.5 | K79: -4852 | L79: 9078.1 | M79: -5060.256 | N79: 3496.486 | O79: 2802.969 | P79: -1437.643 | Q79: 2141.888 | R79: -7178.785 | S79: -1654.084 | T79: 2204.226 | U79: -1766.108 | V79: -1018.644 | W79: 1575.946 | X79: 2262.63 | Y79: 2933.73 | Z79: 2075.49 | AA79: -507.607 | AB79: -7597.064 | AC79: -1133.221 | AD79: 6625.93 | AE79: 2864.31 | AF79: -2911.711 | AG79: -5969.738 | AH79: 13932.743 | AI79: -3236.021 | AJ79: 2165.148 | AK79: -2659.959
A80: Oil products | B80: International maritime bunkers | C80: 33841 | D80: 33572 | E80: 33850 | F80: 33778 | G80: 33303 | H80: 33463.7 | I80: 35175.1 | J80: 37763.8 | K80: 39560.2 | L80: 38096.3 | M80: 41288.3 | N80: 42575 | O80: 43851.8 | P80: 45201 | Q80: 47540.8 | R80: 48466.286 | S80: 51680.738 | T80: 53931.35 | U80: 53344.153 | V80: 47618.631 | W80: 48004.748 | X80: 47855.954 | Y80: 44591.109 | Z80: 42169.547 | AA80: 40886.864 | AB80: 40416.187 | AC80: 42481.152 | AD80: 43118.446 | AE80: 44412.109 | AF80: 43977.336 | AG80: 39520.144 | AH80: 41224.421 | AI80: 42719.61 | AJ80: 39641.986 | AK80: 40064.207
A81: Oil products | B81: Gross inland deliveries | C81: 525765.87 | D81: 533376.89 | E81: 533891.84 | F81: 526051.58 | G81: 532563.1 | H81: 542148.28 | I81: 554195.74 | J81: 558666.4 | K81: 570474.85 | L81: 562708.6 | M81: 555149 | N81: 564849.61 | O81: 559823.87 | P81: 564642.1 | Q81: 566656.25 | R81: 565772.43 | S81: 565398.84 | T81: 552075.82 | U81: 549052.12 | V81: 520376.08 | W81: 521137.48 | X81: 507920.99 | Y81: 491162.21 | Z81: 477292.31 | AA81: 474475.5 | AB81: 481723.42 | AC81: 485267.17 | AD81: 497991.22 | AE81: 494240.45 | AF81: 495946.48 | AG81: 435991.29 | AH81: 458871.67 | AI81: 470562.5 | AJ81: 459309.59 | AK81: :
A82: Oil products | B82: Gross inland deliveries - calculated | C82: 526336.24 | D82: 531670.2 | E82: 527526.67 | F82: 525470.41 | G82: 526636.87 | H82: 537649.99 | I82: 551044.37 | J82: 555138.31 | K82: 568786.68 | L82: 559204.18 | M82: 547966.54 | N82: 564886.08 | O82: 559752.78 | P82: 563707.48 | Q82: 564803.88 | R82: 560777.43 | S82: 561635.09 | T82: 546970.67 | U82: 550018.88 | V82: 523001.28 | W82: 522724.48 | X82: 509901.95 | Y82: 490514.78 | Z82: 475028.57 | AA82: 474299.59 | AB82: 481765.73 | AC82: 484949.8 | AD82: 500784.66 | AE82: 497313.09 | AF82: 497672.32 | AG82: 435903.16 | AH82: 455696.37 | AI82: 465545.96 | AJ82: 459648.19 | AK82: 454038.37
A83: Oil products | B83: Transformation output - refineries and petrochemical industry - refinery output | C83: 564596.2 | D83: 558339.48 | E83: 562998 | F83: 571872.5 | G83: 582782.12 | H83: 581083.1 | I83: 595852.3 | J83: 607772.7 | K83: 632313.5 | L83: 602248.3 | M83: 611680.5 | N83: 614306.1 | O83: 607328.4 | P83: 617557.6 | Q83: 627437 | R83: 629438.58 | S83: 631245.03 | T83: 624388.66 | U83: 624062.66 | V83: 581498.22 | W83: 576940.87 | X83: 563247.45 | Y83: 562840.27 | Z83: 539400.19 | AA83: 542509.03 | AB83: 570526.24 | AC83: 569923.14 | AD83: 581643.04 | AE83: 573793.17 | AF83: 563102.8 | AG83: 496266.34 | AH83: 511992.15 | AI83: 534944.31 | AJ83: 527970.14 | AK83: 525197.1
A84: Oil products | B84: Refinery intake - calculated | C84: : | D84: : | E84: : | F84: : | G84: : | H84: : | I84: : | J84: : | K84: : | L84: : | M84: : | N84: : | O84: : | P84: : | Q84: : | R84: : | S84: : | T84: : | U84: : | V84: : | W84: : | X84: : | Y84: : | Z84: : | AA84: : | AB84: : | AC84: : | AD84: : | AE84: : | AF84: : | AG84: : | AH84: : | AI84: : | AJ84: : | AK84: :
A85: Oil products | B85: Refinery fuel | C85: 29206 | D85: 28538 | E85: 28735.14 | F85: 29733.174 | G85: 31101 | H85: 31612 | I85: 32661.2 | J85: 32323.3 | K85: 33308.4 | L85: 32119.2 | M85: 32379 | N85: 32749 | O85: 32208.7 | P85: 33072 | Q85: 33992.8 | R85: 34509.036 | S85: 34002.606 | T85: 34130.645 | U85: 33846.287 | V85: 32152.909 | W85: 31231.059 | X85: 29454.758 | Y85: 28109.511 | Z85: 26265.773 | AA85: 25513.81 | AB85: 27358.579 | AC85: 26917.415 | AD85: 26638.555 | AE85: 25049.949 | AF85: 24504.813 | AG85: 22401.628 | AH85: 23694.745 | AI85: 26666.002 | AJ85: 25748.599 | AK85: 25977.274
A86: Oil products | B86: Backflows | C86: -14521 | D86: -13700 | E86: -13642 | F86: -13757 | G86: -14729 | H86: -13765 | I86: -13916 | J86: -14903 | K86: -14876 | L86: -13152 | M86: -14892 | N86: -14379 | O86: -14563 | P86: -15093 | Q86: -15174.463 | R86: -15339.671 | S86: -15225.417 | T86: -15430.627 | U86: -13749.647 | V86: -14590.856 | W86: -15772.164 | X86: -15718.513 | Y86: -15183.873 | Z86: -13884.484 | AA86: -15170.97 | AB86: -16010.309 | AC86: -15265.981 | AD86: -15899.17 | AE86: -14434.891 | AF86: -14873.117 | AG86: -14846.661 | AH86: -14846.572 | AI86: -15842.434 | AJ86: -14375.202 | AK86: :
A87: Oil products | B87: Primary product receipts | C87: 3417.9 | D87: 3744.016 | E87: 3486.091 | F87: 3535 | G87: 3625.7 | H87: 4426 | I87: 5532 | J87: 6050 | K87: 5498 | L87: 5773 | M87: 6350 | N87: 6644 | O87: 7399 | P87: 7713 | Q87: 8744.463 | R87: 9020.829 | S87: 9848.453 | T87: 12372.822 | U87: 15144.101 | V87: 19966.32 | W87: 22739.455 | X87: 22400.242 | Y87: 24445.621 | Z87: 22615.646 | AA87: 23817.566 | AB87: 24331.179 | AC87: 24064.717 | AD87: 25091.253 | AE87: 26305.719 | AF87: 26903.861 | AG87: 27610.794 | AH87: 28494.156 | AI87: 28755.125 | AJ87: 28104.972 | AK87: 26933.297
A88: Oil products | B88: Interproduct transfers | C88: 1020.6 | D88: 1014.1 | E88: 1097.5 | F88: 939.6 | G88: 1034.3 | H88: 840.3 | I88: 756.3 | J88: 729.4 | K88: 468.2 | L88: 516.4 | M88: 400.4 | N88: 395.3 | O88: 606 | P88: 620.5 | Q88: 691.8 | R88: 612.1 | S88: 473.6 | T88: 438.7 | U88: 511.2 | V88: 487.3 | W88: 541.9 | X88: 442.3 | Y88: 263 | Z88: 768 | AA88: 1202 | AB88: 1052.939 | AC88: 855.933 | AD88: 1555.19 | AE88: 1660.103 | AF88: 1781.891 | AG88: 1703.002 | AH88: 2795.655 | AI88: 2333.238 | AJ88: 2606.173 | AK88: 2793.729
A89: Oil products | B89: Products transferred | C89: -16023 | D89: -15055 | E89: -15450 | F89: -18484 | G89: -18584 | H89: -16749 | I89: -18510 | J89: -18469 | K89: -18820 | L89: -20013 | M89: -22199 | N89: -18478 | O89: -24834 | P89: -19399 | Q89: -19042 | R89: -16915.779 | S89: -20418.881 | T89: -22112.321 | U89: -21658.183 | V89: -23778.577 | W89: -24809.78 | X89: -24403.89 | Y89: -23203.207 | Z89: -22653.547 | AA89: -23632.87 | AB89: -20666.475 | AC89: -22770.324 | AD89: -22916.131 | AE89: -25019.8 | AF89: -27907.238 | AG89: -25298.815 | AH89: -30387.105 | AI89: -29369.912 | AJ89: -25568.986 | AK89: 23460.507
A90: Oil products | B90: Direct use | C90: : | D90: : | E90: : | F90: : | G90: : | H90: : | I90: : | J90: : | K90: : | L90: : | M90: : | N90: : | O90: : | P90: : | Q90: : | R90: : | S90: : | T90: : | U90: : | V90: : | W90: : | X90: : | Y90: : | Z90: : | AA90: : | AB90: : | AC90: : | AD90: : | AE90: : | AF90: : | AG90: : | AH90: : | AI90: : | AJ90: : | AK90: :
A92: Special value
A93: : | B93: not available
A96: https://ec.europa.eu/eurostat/databrowser/view/NRG_CB_OIL__custom_11906171/default/table?lang=en
A97: Supply, transformation and consumption of oil and petroleum products
A100: Data extracted on 25/06/2025 13:46:06 from [ESTAT]
A101: Dataset: | B101: Supply, transformation and consumption of oil and petroleum products [nrg_cb_oil__custom_11906171]
A102: Last updated: | B102: 45833.958
A104: Time frequency | C104: Annual
A105: Energy balance | C105: Transformation output - refineries and petrochemical industry - refinery output
A106: Unit of measure | C106: Thousand tonnes
A107: Geopolitical entity (reporting) | C107: European Union - 27 countries (from 2020)
A109: TIME | B109: TIME | C109: 1990 | D109: 1991 | E109: 1992 | F109: 1993 | G109: 1994 | H109: 1995 | I109: 1996 | J109: 1997 | K109: 1998 | L109: 1999 | M109: 2000 | N109: 2001 | O109: 2002 | P109: 2003 | Q109: 2004 | R109: 2005 | S109: 2006 | T109: 2007 | U109: 2008 | V109: 2009 | W109: 2010 | X109: 2011 | Y109: 2012 | Z109: 2013 | AA109: 2014 | AB109: 2015 | AC109: 2016 | AD109: 2017 | AE109: 2018 | AF109: 2019 | AG109: 2020 | AH109: 2021 | AI109: 2022 | AJ109: 2023 | AK109: 2024
A110: SIEC (Labels) | B110: NRG_BAL (Labels)
A111: Oil and petroleum products | B111: Transformation output - refineries and petrochemical industry - refinery output | C111: 564596.2 | D111: 558339.48 | E111: 562998 | F111: 571872.5 | G111: 582782.12 | H111: 581083.1 | I111: 595852.3 | J111: 607772.7 | K111: 632313.5 | L111: 602248.3 | M111: 611680.5 | N111: 614306.1 | O111: 607328.4 | P111: 617557.6 | Q111: 627437 | R111: 629438.58 | S111: 631245.03 | T111: 624388.66 | U111: 624062.66 | V111: 581498.22 | W111: 576940.87 | X111: 563247.45 | Y111: 562840.27 | Z111: 539400.19 | AA111: 542509.03 | AB111: 570526.24 | AC111: 569923.14 | AD111: 581643.04 | AE111: 573793.17 | AF111: 563102.8 | AG111: 496266.34 | AH111: 511992.15 | AI111: 534944.31 | AJ111: 527970.14 | AK111: 525197.1
A112: Crude oil, NGL, refinery feedstocks, additives and oxygenates and other hydrocarbons | B112: Transformation output - refineries and petrochemical industry - refinery output | C112: : | D112: : | E112: : | F112: : | G112: : | H112: : | I112: : | J112: : | K112: : | L112: : | M112: : | N112: : | O112: : | P112: : | Q112: : | R112: : | S112: : | T112: : | U112: : | V112: : | W112: : | X112: : | Y112: : | Z112: : | AA112: : | AB112: : | AC112: : | AD112: : | AE112: : | AF112: : | AG112: : | AH112: : | AI112: : | AJ112: : | AK112: :
A113: Crude oil, NGL, refinery feedstocks, additives and oxygenates and other hydrocarbons (excluding biofuel portion) | B113: Transformation output - refineries and petrochemical industry - refinery output | C113: : | D113: : | E113: : | F113: : | G113: : | H113: : | I113: : | J113: : | K113: : | L113: : | M113: : | N113: : | O113: : | P113: : | Q113: : | R113: : | S113: : | T113: : | U113: : | V113: : | W113: : | X113: : | Y113: : | Z113: : | AA113: : | AB113: : | AC113: : | AD113: : | AE113: : | AF113: : | AG113: : | AH113: : | AI113: : | AJ113: : | AK113: :
A114: Crude oil | B114: Transformation output - refineries and petrochemical industry - refinery output | C114: : | D114: : | E114: : | F114: : | G114: : | H114: : | I114: : | J114: : | K114: : | L114: : | M114: : | N114: : | O114: : | P114: : | Q114: : | R114: : | S114: : | T114: : | U114: : | V114: : | W114: : | X114: : | Y114: : | Z114: : | AA114: : | AB114: : | AC114: : | AD114: : | AE114: : | AF114: : | AG114: : | AH114: : | AI114: : | AJ114: : | AK114: :
A115: Natural gas liquids | B115: Transformation output - refineries and petrochemical industry - refinery output | C115: : | D115: : | E115: : | F115: : | G115: : | H115: : | I115: : | J115: : | K115: : | L115: : | M115: : | N115: : | O115: : | P115: : | Q115: : | R115: : | S115: : | T115: : | U115: : | V115: : | W115: : | X115: : | Y115: : | Z115: : | AA115: : | AB115: : | AC115: : | AD115: : | AE115: : | AF115: : | AG115: : | AH115: : | AI115: : | AJ115: : | AK115: :
A116: Refinery feedstocks | B116: Transformation output - refineries and petrochemical industry - refinery output | C116: : | D116: : | E116: : | F116: : | G116: : | H116: : | I116: : | J116: : | K116: : | L116: : | M116: : | N116: : | O116: : | P116: : | Q116: : | R116: : | S116: : | T116: : | U116: : | V116: : | W116: : | X116: : | Y116: : | Z116: : | AA116: : | AB116: : | AC116: : | AD116: : | AE116: : | AF116: : | AG116: : | AH116: : | AI116: : | AJ116: : | AK116: :
A117: Additives and oxygenates (excluding biofuel portion) | B117: Transformation output - refineries and petrochemical industry - refinery output | C117: : | D117: : | E117: : | F117: : | G117: : | H117: : | I117: : | J117: : | K117: : | L117: : | M117: : | N117: : | O117: : | P117: : | Q117: : | R117: : | S117: : | T117: : | U117: : | V117: : | W117: : | X117: : | Y117: : | Z117: : | AA117: : | AB117: : | AC117: : | AD117: : | AE117: : | AF117: : | AG117: : | AH117: : | AI117: : | AJ117: : | AK117: :
...

Sheet DATA-COAL
A1: https://ec.europa.eu/eurostat/databrowser/bookmark/da69b178-3a1a-446b-a755-dee1c50c7a86?lang=en
A2: Supply, transformation and consumption of solid fossil fuels
A5: Data extracted on 25/06/2025 18:30:14 from [ESTAT]
A6: Dataset: | B6: Supply, transformation and consumption of solid fossil fuels [nrg_cb_sff__custom_17247811]
A7: Last updated: | B7: 24/06/2025 23:00
A9: Time frequency | C9: Annual
A10: Unit of measure | C10: Thousand tonnes
A11: Geopolitical entity (reporting) | C11: European Union - 27 countries (from 2020)
A13: TIME | B13: TIME | C13: 1990 | D13: 1991 | E13: 1992 | F13: 1993 | G13: 1994 | H13: 1995 | I13: 1996 | J13: 1997 | K13: 1998 | L13: 1999 | M13: 2000 | N13: 2001 | O13: 2002 | P13: 2003 | Q13: 2004 | R13: 2005 | S13: 2006 | T13: 2007 | U13: 2008 | V13: 2009 | W13: 2010 | X13: 2011 | Y13: 2012 | Z13: 2013 | AA13: 2014 | AB13: 2015 | AC13: 2016 | AD13: 2017 | AE13: 2018 | AF13: 2019 | AG13: 2020 | AH13: 2021 | AI13: 2022 | AJ13: 2023 | AK13: 2024
A14: SIEC (Labels) | B14: NRG_BAL (Labels)
A15: Solid fossil fuels | B15: Indigenous production | C15: 1085598.8 | D15: 948694.8 | E15: 881459.27 | F15: 838395.1 | G15: 804856.2 | H15: 787925.2 | I15: 778877.3 | J15: 750023.5 | K15: 692582.8 | L15: 653434.3 | M15: 657422 | N15: 662247 | O15: 660241 | P15: 661498 | Q15: 658637 | R15: 642471.76 | S15: 635668.85 | T15: 632802.02 | U15: 609689.55 | V15: 568893.88 | W15: 561815.15 | X15: 589071.75 | Y15: 595147.06 | Z15: 556642.38 | AA15: 540481.63 | AB15: 536898.19 | AC15: 500447.18 | AD15: 506299.65 | AE15: 485680.52 | AF15: 415081.12 | AG15: 338148.63 | AH15: 370813.27 | AI15: 386537.89 | AJ15: 308313.1 | AK15: 274881.65
A16: Solid fossil fuels | B16: Transfer from other sources | C16: 2459 | D16: 3401 | E16: 2285 | F16: 1954 | G16: 2209 | H16: 3725 | I16: 2808 | J16: 2111 | K16: 1419 | L16: 1880 | M16: 2125 | N16: 1305 | O16: 1592 | P16: 1848 | Q16: 3882 | R16: 1520 | S16: 1297 | T16: 1520 | U16: 1222 | V16: 826 | W16: 1024 | X16: 1125 | Y16: 1108 | Z16: 1125.5 | AA16: 1382.7 | AB16: 833 | AC16: 806.5 | AD16: 843.379 | AE16: 1143.908 | AF16: 1032.996 | AG16: 781.434 | AH16: 563.449 | AI16: 502.711 | AJ16: 567.7 | AK16: 553.172
A17: Solid fossil fuels | B17: Imports | C17: 177541.02 | D17: 177565.39 | E17: 170209.82 | F17: 147643.5 | G17: 153617.88 | H17: 162901.77 | I17: 162920.43 | J17: 163451.3 | K17: 163946.67 | L17: 157320.29 | M17: 173617.32 | N17: 179571.75 | O17: 181450.26 | P17: 188060.12 | Q17: 200350.94 | R17: 190516.96 | S17: 204886.73 | T17: 208858.54 | U17: 205918.88 | V17: 165792.51 | W17: 180278.08 | X17: 189414.89 | Y17: 188103.46 | Z17: 182464.22 | AA17: 184102.92 | AB17: 180133.48 | AC17: 172013.22 | AD17: 174992.33 | AE17: 166209.65 | AF17: 137029.83 | AG17: 96939.74 | AH17: 115510.43 | AI17: 138147.99 | AJ17: 101930.76 | AK17: 76072.703
A18: Solid fossil fuels | B18: Exports | C18: 65467.971 | D18: 55598 | E18: 50100 | F18: 48868 | G18: 54496 | H18: 58364.5 | I18: 51976.468 | J18: 51665.934 | K18: 48600 | L18: 42492 | M18: 42408 | N18: 42539 | O18: 41472 | P18: 38008 | Q18: 38868 | R18: 37402.5 | S18: 39139.098 | T18: 35627.435 | U18: 31822.352 | V18: 28486.59 | W18: 31685.012 | X18: 27326.447 | Y18: 28288.73 | Z18: 30326.266 | AA18: 30109.902 | AB18: 27620.079 | AC18: 26206.117 | AD18: 22493.592 | AE18: 19868.05 | AF18: 19471.652 | AG18: 19351.749 | AH18: 21994.799 | AI18: 21294.168 | AJ18: 23717.567 | AK18: 18857.699
A19: Solid fossil fuels | B19: Change in stock | C19: 13161.482 | D19: 4984.035 | E19: -10278.999 | F19: 10899.82 | G19: 13600.656 | H19: 4780.928 | I19: 3560.859 | J19: -3764.883 | K19: 9192.544 | L19: 5780.302 | M19: 9668.243 | N19: 5623.89 | O19: 1691.211 | P19: 9530.411 | Q19: -1073.069 | R19: 606.112 | S19: 5047.027 | T19: 6437.505 | U19: -16115.625 | V19: -6774.628 | W19: 7264.157 | X19: 295.154 | Y19: -4371.149 | Z19: 13232.289 | AA19: 2448.984 | AB19: 5217.949 | AC19: 12984.969 | AD19: 1393.28 | AE19: 3173.934 | AF19: -6266.019 | AG19: 10757.969 | AH19: 19887.819 | AI19: -8837.372 | AJ19: -3754.009 | AK19: 10729.358
A20: Solid fossil fuels | B20: International maritime bunkers | C20: 0 | D20: 0 | E20: 0 | F20: 0 | G20: 0 | H20: 0 | I20: 0 | J20: 0 | K20: 0 | L20: 0 | M20: 0 | N20: 0 | O20: 0 | P20: 0 | Q20: 0 | R20: 0 | S20: 0 | T20: 0 | U20: 0 | V20: 0 | W20: 0 | X20: 0 | Y20: 0 | Z20: 0 | AA20: 0 | AB20: 0 | AC20: 0 | AD20: 0 | AE20: 0 | AF20: 0 | AG20: 0 | AH20: 0 | AI20: 0 | AJ20: 0 | AK20: :
A21: Solid fossil fuels | B21: Inland consumption - calculated | C21: 1213292.3 | D21: 1079047.2 | E21: 993575.09 | F21: 950024.42 | G21: 919787.74 | H21: 900968.4 | I21: 896190.12 | J21: 860154.98 | K21: 818541.02 | L21: 775922.89 | M21: 800424.56 | N21: 806208.64 | O21: 803502.47 | P21: 822928.53 | Q21: 822928.87 | R21: 797712.33 | S21: 807760.52 | T21: 813990.63 | U21: 768892.45 | V21: 700251.17 | W21: 718696.37 | X21: 752580.34 | Y21: 751698.63 | Z21: 723138.12 | AA21: 698306.33 | AB21: 695462.54 | AC21: 660045.76 | AD21: 661035.05 | AE21: 636339.97 | AF21: 527406.28 | AG21: 427276.03 | AH21: 484780.17 | AI21: 495057.05 | AJ21: 383339.98 | AK21: 343379.19
A22: Hard coal | B22: Indigenous production | C22: 277420.51 | D22: 261037 | E22: 251049.27 | F22: 236744.6 | G22: 231356.2 | H22: 233296.2 | I22: 227824.4 | J22: 224534.5 | K22: 194246.8 | L22: 184048.3 | M22: 169332 | N22: 161885 | O22: 157904 | P22: 155503 | Q22: 152173 | R22: 147034 | S22: 139955 | T22: 132551 | U22: 122939 | V22: 110512 | W22: 107816 | X22: 104259 | Y22: 106230 | Z22: 95941 | AA22: 92315 | AB22: 88889 | AC22: 82318 | AD22: 75892.292 | AE22: 71297.093 | AF22: 65055.503 | AG22: 56531.347 | AH22: 57185.259 | AI22: 54512.515 | AJ22: 49721.789 | AK22: 45295.836
A23: Hard coal | B23: Transfer from other sources | C23: 1138 | D23: 1928 | E23: 1306 | F23: 983 | G23: 1456 | H23: 3088 | I23: 2248 | J23: 1684 | K23: 1107 | L23: 1516 | M23: 1750 | N23: 1087 | O23: 1419 | P23: 1719 | Q23: 3701 | R23: 1411 | S23: 1268 | T23: 1508 | U23: 961 | V23: 826 | W23: 1022 | X23: 1125 | Y23: 1108 | Z23: 1048 | AA23: 1302 | AB23: 766 | AC23: 694 | AD23: 738.379 | AE23: 669.278 | AF23: 578.128 | AG23: 393.112 | AH23: 370.644 | AI23: 378.529 | AJ23: 380.392 | AK23: 408.213
A24: Hard coal | B24: Imports | C24: 148225.75 | D24: 150987.39 | E24: 148870.66 | F24: 127556.2 | G24: 134684.71 | H24: 143793.97 | I24: 145074.99 | J24: 147055.56 | K24: 147886.52 | L24: 142442.13 | M24: 155588.27 | N24: 159893.35 | O24: 164402.78 | P24: 169782.11 | Q24: 183846.04 | R24: 174791.75 | S24: 187917.59 | T24: 190931.48 | U24: 188487.64 | V24: 154048.02 | W24: 164492.4 | X24: 175699.48 | Y24: 174761.24 | Z24: 168498.86 | AA24: 168460.49 | AB24: 166551.67 | AC24: 160271.05 | AD24: 163517.78 | AE24: 154389.55 | AF24: 125433.08 | AG24: 87708.301 | AH24: 104243.96 | AI24: 126737.11 | AJ24: 92422.554 | AK24: 67644.111
A25: Hard coal | B25: Exports | C25: 39922 | D25: 32707 | E25: 30927 | F25: 30678 | G25: 37673 | H25: 41987 | I25: 38358 | J25: 38531.1 | K25: 36724 | L25: 31959 | M25: 31052 | N25: 31047 | O25: 30840 | P25: 27219 | Q25: 27034 | R25: 26507.262 | S25: 24782.221 | T25: 21953.26 | U25: 18495.726 | V25: 17691.209 | W25: 18914.081 | X25: 15000.675 | Y25: 15309.931 | Z25: 17323.17 | AA25: 15444.408 | AB25: 14288.491 | AC25: 13414.84 | AD25: 10025.015 | AE25: 7366.959 | AF25: 7929.965 | AG25: 8304.125 | AH25: 10187.777 | AI25: 8772.614 | AJ25: 10291.62 | AK25: 7885.895
A26: Hard coal | B26: Change in stock | C26: 3003.549 | D26: 3117.314 | E26: -10976.999 | F26: 7972.82 | G26: 9260.656 | H26: 2277.928 | I26: 7321.913 | J26: -3728.356 | K26: 10003.58 | L26: 3440.67 | M26: 5078.793 | N26: 5500.39 | O26: 1213.611 | P26: 5544.411 | Q26: -3360.069 | R26: -2039.079 | S26: 2219.705 | T26: 7491.568 | U26: -11369.864 | V26: -6188.426 | W26: 6426.001 | X26: -1482.242 | Y26: -2881.132 | Z26: 11970.652 | AA26: -1226.342 | AB26: 6121.96 | AC26: 10893.549 | AD26: 2021.445 | AE26: 2274.123 | AF26: -4294.753 | AG26: 8549.191 | AH26: 14601.94 | AI26: -9205.383 | AJ26: -3499.952 | AK26: 5461.588
A27: Hard coal | B27: International maritime bunkers | C27: 0 | D27: 0 | E27: 0 | F27: 0 | G27: 0 | H27: 0 | I27: 0 | J27: 0 | K27: 0 | L27: 0 | M27: 0 | N27: 0 | O27: 0 | P27: 0 | Q27: 0 | R27: 0 | S27: 0 | T27: 0 | U27: 0 | V27: 0 | W27: 0 | X27: 0 | Y27: 0 | Z27: 0 | AA27: 0 | AB27: 0 | AC27: 0 | AD27: 0 | AE27: 0 | AF27: 0 | AG27: 0 | AH27: 0 | AI27: 0 | AJ27: 0 | AK27: :
A28: Hard coal | B28: Inland consumption - calculated | C28: 389865.81 | D28: 384362.71 | E28: 359321.93 | F28: 342578.62 | G28: 339084.57 | H28: 340469.1 | I28: 344111.3 | J28: 331014.6 | K28: 316519.9 | L28: 299488.1 | M28: 300697.07 | N28: 297318.74 | O28: 294099.39 | P28: 305329.52 | Q28: 309325.97 | R28: 294690.41 | S28: 306578.08 | T28: 310528.79 | U28: 282522.04 | V28: 241506.38 | W28: 260842.32 | X28: 264600.56 | Y28: 263908.18 | Z28: 260135.34 | AA28: 245406.74 | AB28: 248040.14 | AC28: 240761.76 | AD28: 232144.88 | AE28: 221263.08 | AF28: 178842 | AG28: 144877.83 | AH28: 166214.02 | AI28: 163650.15 | AJ28: 128733.16 | AK28: 110923.85
A29: Anthracite | B29: Indigenous production | C29: 0 | D29: 0 | E29: 0 | F29: 0 | G29: 0 | H29: 0 | I29: 0 | J29: 0 | K29: 0 | L29: 0 | M29: 0 | N29: 0 | O29: 0 | P29: 1901 | Q29: 5654 | R29: 5884 | S29: 5763 | T29: 5471 | U29: 5131 | V29: 5985 | W29: 5231 | X29: 4558 | Y29: 4266 | Z29: 2794 | AA29: 3366 | AB29: 2426 | AC29: 1737 | AD29: 1394 | AE29: 1122 | AF29: 0 | AG29: 0 | AH29: 0 | AI29: 0 | AJ29: 0 | AK29: 0
A30: Anthracite | B30: Transfer from other sources | C30: 0 | D30: 0 | E30: 0 | F30: 0 | G30: 0 | H30: 0 | I30: 0 | J30: 0 | K30: 0 | L30: 0 | M30: 0 | N30: 0 | O30: 0 | P30: 0 | Q30: 0 | R30: 0 | S30: 0 | T30: 0 | U30: 0 | V30: 0 | W30: 0 | X30: 0 | Y30: 0 | Z30: 0 | AA30: 0 | AB30: 0 | AC30: 0 | AD30: 0 | AE30: 0 | AF30: 0 | AG30: 0 | AH30: 0 | AI30: 0 | AJ30: 0 | AK30: 0
A31: Anthracite | B31: Imports | C31: 418.752 | D31: 305.394 | E31: 349.36 | F31: 325.2 | G31: 199.211 | H31: 158 | I31: 187.1 | J31: 93 | K31: 124 | L31: 116 | M31: 140.616 | N31: 137.884 | O31: 1396.022 | P31: 3263.097 | Q31: 4693.347 | R31: 4565.903 | S31: 3707.175 | T31: 5030.289 | U31: 6532.823 | V31: 4543.91 | W31: 4747.515 | X31: 7198.287 | Y31: 6205.09 | Z31: 5258.743 | AA31: 4789.985 | AB31: 4646.004 | AC31: 3238.671 | AD31: 3519.715 | AE31: 3955.609 | AF31: 4270.444 | AG31: 4041.591 | AH31: 3413.953 | AI31: 2772.073 | AJ31: 1420.663 | AK31: 1316.081
A32: Anthracite | B32: Exports | C32: 0 | D32: 0 | E32: 0 | F32: 0 | G32: 0 | H32: 0 | I32: 0 | J32: 0 | K32: 0 | L32: 0 | M32: 0 | N32: 0 | O32: 935 | P32: 816 | Q32: 932 | R32: 786.761 | S32: 671.003 | T32: 860.283 | U32: 834.075 | V32: 978.182 | W32: 1021.222 | X32: 846 | Y32: 888.229 | Z32: 444.147 | AA32: 572.023 | AB32: 396.001 | AC32: 244 | AD32: 225.289 | AE32: 200.367 | AF32: 968.878 | AG32: 1425.192 | AH32: 274.568 | AI32: 344.066 | AJ32: 260.275 | AK32: 179.106
A33: Anthracite | B33: Change in stock | C33: -1.551 | D33: 13.772 | E33: -0.68 | F33: 0 | G33: 0 | H33: 0 | I33: 5.3 | J33: 0 | K33: 1 | L33: -3 | M33: 0 | N33: 0 | O33: 52 | P33: -119 | Q33: -280 | R33: -374.758 | S33: -443.745 | T33: -15.807 | U33: -1973.822 | V33: -2564.122 | W33: -3031.26 | X33: 904.796 | Y33: 1839.629 | Z33: 1394.67 | AA33: 700.968 | AB33: 827.942 | AC33: 441.941 | AD33: 211.488 | AE33: 42.298 | AF33: -65.46 | AG33: -152.055 | AH33: -293.045 | AI33: -121.817 | AJ33: 87.401 | AK33: -107.43
A34: Anthracite | B34: International maritime bunkers | C34: 0 | D34: 0 | E34: 0 | F34: 0 | G34: 0 | H34: 0 | I34: 0 | J34: 0 | K34: 0 | L34: 0 | M34: 0 | N34: 0 | O34: 0 | P34: 0 | Q34: 0 | R34: 0 | S34: 0 | T34: 0 | U34: 0 | V34: 0 | W34: 0 | X34: 0 | Y34: 0 | Z34: 0 | AA34: 0 | AB34: 0 | AC34: 0 | AD34: 0 | AE34: 0 | AF34: 0 | AG34: 0 | AH34: 0 | AI34: 0 | AJ34: 0 | AK34: :
A35: Anthracite | B35: Inland consumption - calculated | C35: 417.201 | D35: 319.166 | E35: 348.68 | F35: 325.2 | G35: 199.211 | H35: 158 | I35: 192.4 | J35: 93 | K35: 125 | L35: 113 | M35: 140.616 | N35: 137.884 | O35: 513.022 | P35: 4229.097 | Q35: 9135.347 | R35: 9288.384 | S35: 8355.427 | T35: 9625.199 | U35: 8855.926 | V35: 6986.606 | W35: 5926.033 | X35: 11815.083 | Y35: 11422.49 | Z35: 9003.266 | AA35: 8284.93 | AB35: 7503.945 | AC35: 5173.612 | AD35: 4899.914 | AE35: 4919.54 | AF35: 3236.106 | AG35: 2464.344 | AH35: 2846.34 | AI35: 2306.19 | AJ35: 1247.789 | AK35: 1029.545
A36: Coking coal | B36: Indigenous production | C36: 91504 | D36: 81426 | E36: 80005 | F36: 74713 | G36: 69097 | H36: 71984 | I36: 65232 | J36: 63869 | K36: 55324 | L36: 53308 | M36: 44233 | N36: 42106 | O36: 41499 | P36: 41296 | Q36: 40476 | R36: 36378 | S36: 35425 | T36: 35063 | U36: 30090 | V36: 23504 | W36: 25826 | X36: 23923 | Y36: 23103 | Z36: 21431 | AA36: 21617 | AB36: 20916 | AC36: 18752 | AD36: 17678.173 | AE36: 15752.063 | AF36: 14103.6 | AG36: 13299.128 | AH36: 14085.578 | AI36: 13228.432 | AJ36: 12442.679 | AK36: 11909.465
A37: Coking coal | B37: Transfer from other sources | C37: 0 | D37: 0 | E37: 1 | F37: 0 | G37: 0 | H37: 28 | I37: 51 | J37: 150 | K37: 0 | L37: 0 | M37: 0 | N37: 0 | O37: 0 | P37: 0 | Q37: 0 | R37: 0 | S37: 0 | T37: 0 | U37: 0 | V37: 0 | W37: 0 | X37: 17 | Y37: 37 | Z37: 0 | AA37: 0 | AB37: 0 | AC37: 0 | AD37: 0 | AE37: 0 | AF37: 0 | AG37: 0 | AH37: 0 | AI37: 0 | AJ37: 93.691 | AK37: 0
A38: Coking coal | B38: Imports | C38: 49255 | D38: 45327 | E38: 46085 | F38: 42312 | G38: 45028 | H38: 47755.772 | I38: 47445.887 | J38: 49995.356 | K38: 50022.82 | L38: 44055.03 | M38: 44135.507 | N38: 43027.911 | O38: 41056.066 | P38: 39517.998 | Q38: 44864.104 | R38: 45224.221 | S38: 47252.939 | T38: 50358.25 | U38: 49136.165 | V38: 30549.511 | W38: 40875.15 | X38: 40127.988 | Y38: 38724.899 | Z38: 36469.843 | AA38: 38396.797 | AB38: 34852.894 | AC38: 39701.995 | AD38: 41749.625 | AE38: 41233.329 | AF38: 38364.365 | AG38: 31435.422 | AH38: 33909.713 | AI38: 34188.72 | AJ38: 31964.361 | AK38: 30463.144
A39: Coking coal | B39: Exports | C39: 19732 | D39: 16450 | E39: 16312 | F39: 17395 | G39: 15811 | H39: 18207 | I39: 14821 | J39: 12971 | K39: 10207 | L39: 10187 | M39: 8805 | N39: 6965 | O39: 6915 | P39: 6472 | Q39: 6357 | R39: 6424 | S39: 8046 | T39: 7288.073 | U39: 5845 | V39: 5898 | W39: 5537 | X39: 4296 | Y39: 4734 | Z39: 4516 | AA39: 4557 | AB39: 4202.813 | AC39: 4526 | AD39: 4219.714 | AE39: 4117.249 | AF39: 3461.457 | AG39: 3156.311 | AH39: 4430.224 | AI39: 3960.477 | AJ39: 3860.104 | AK39: 3294.169
A40: Coking coal | B40: Change in stock | C40: 288 | D40: 454 | E40: -4333 | F40: -506 | G40: 3509 | H40: 678.228 | I40: 11.113 | J40: -1222.356 | K40: 671.18 | L40: -4.03 | M40: 947.493 | N40: -637.911 | O40: -169.066 | P40: 1231.002 | Q40: -223.104 | R40: -1527.721 | S40: 1127.275 | T40: 30.808 | U40: -1168.876 | V40: 2925.256 | W40: -1633.752 | X40: 469.013 | Y40: 3735.758 | Z40: 838.007 | AA40: -218.481 | AB40: 659.885 | AC40: 660.34 | AD40: 287.19 | AE40: 1281.368 | AF40: -671.643 | AG40: 1252.003 | AH40: 307.541 | AI40: -232.737 | AJ40: 118.625 | AK40: -192.004
A41: Coking coal | B41: International maritime bunkers | C41: 0 | D41: 0 | E41: 0 | F41: 0 | G41: 0 | H41: 0 | I41: 0 | J41: 0 | K41: 0 | L41: 0 | M41: 0 | N41: 0 | O41: 0 | P41: 0 | Q41: 0 | R41: 0 | S41: 0 | T41: 0 | U41: 0 | V41: 0 | W41: 0 | X41: 0 | Y41: 0 | Z41: 0 | AA41: 0 | AB41: 0 | AC41: 0 | AD41: 0 | AE41: 0 | AF41: 0 | AG41: 0 | AH41: 0 | AI41: 0 | AJ41: 0 | AK41: :
A42: Coking coal | B42: Inland consumption - calculated | C42: 121315 | D42: 110757 | E42: 105446 | F42: 99124 | G42: 101823 | H42: 102239 | I42: 97919 | J42: 99821 | K42: 95811 | L42: 87172 | M42: 80511 | N42: 77531 | O42: 75471 | P42: 75573 | Q42: 78760 | R42: 73650.5 | S42: 75759.214 | T42: 78163.985 | U42: 72212.289 | V42: 51080.767 | W42: 59530.398 | X42: 60241.001 | Y42: 60866.657 | Z42: 54222.85 | AA42: 55238.316 | AB42: 52225.966 | AC42: 54588.335 | AD42: 55495.274 | AE42: 54149.511 | AF42: 48334.865 | AG42: 42830.242 | AH42: 43872.608 | AI42: 43223.938 | AJ42: 40759.252 | AK42: 38886.436
A43: Other bituminous coal | B43: Indigenous production | C43: 185916.51 | D43: 179611 | E43: 171044.27 | F43: 162031.6 | G43: 162259.2 | H43: 161312.2 | I43: 162592.4 | J43: 160665.5 | K43: 138922.8 | L43: 130740.3 | M43: 125099 | N43: 119779 | O43: 116405 | P43: 112306 | Q43: 106043 | R43: 104772 | S43: 98767 | T43: 92017 | U43: 87718 | V43: 81023 | W43: 76759 | X43: 75778 | Y43: 78861 | Z43: 71716 | AA43: 67332 | AB43: 65547 | AC43: 61829 | AD43: 56820.119 | AE43: 54423.03 | AF43: 50951.903 | AG43: 43232.219 | AH43: 43099.681 | AI43: 41284.083 | AJ43: 37279.11 | AK43: 33386.371
A44: Other bituminous coal | B44: Transfer from other sources | C44: 1138 | D44: 1928 | E44: 1305 | F44: 983 | G44: 1456 | H44: 3060 | I44: 2197 | J44: 1534 | K44: 1107 | L44: 1516 | M44: 1750 | N44: 1087 | O44: 1419 | P44: 1719 | Q44: 3701 | R44: 1411 | S44: 1268 | T44: 1508 | U44: 961 | V44: 826 | W44: 1022 | X44: 1108 | Y44: 1071 | Z44: 1048 | AA44: 1302 | AB44: 766 | AC44: 694 | AD44: 738.379 | AE44: 669.278 | AF44: 578.128 | AG44: 393.112 | AH44: 370.644 | AI44: 378.529 | AJ44: 286.701 | AK44: 408.213
A45: Other bituminous coal | B45: Imports | C45: 98552 | D45: 105355 | E45: 102436.3 | F45: 84919 | G45: 89457.5 | H45: 95880.2 | I45: 97442 | J45: 96967.2 | K45: 97739.7 | L45: 98271.1 | M45: 111312.15 | N45: 116727.55 | O45: 121950.7 | P45: 127001.01 | Q45: 134288.59 | R45: 125001.62 | S45: 136957.48 | T45: 135542.94 | U45: 132818.65 | V45: 118954.6 | W45: 118869.73 | X45: 128373.2 | Y45: 129831.26 | Z45: 126770.27 | AA45: 125273.71 | AB45: 127052.78 | AC45: 117330.39 | AD45: 118248.44 | AE45: 109200.61 | AF45: 82798.274 | AG45: 52231.288 | AH45: 66920.291 | AI45: 89776.315 | AJ45: 59037.53 | AK45: 35864.886
A46: Other bituminous coal | B46: Exports | C46: 20190 | D46: 16257 | E46: 14615 | F46: 13283 | G46: 21862 | H46: 23780 | I46: 23537 | J46: 25560.1 | K46: 26517 | L46: 21772 | M46: 22247 | N46: 24082 | O46: 22990 | P46: 19931 | Q46: 19745 | R46: 19296.501 | S46: 16065.218 | T46: 13804.904 | U46: 11816.651 | V46: 10815.027 | W46: 12355.859 | X46: 9858.675 | Y46: 9687.702 | Z46: 12363.023 | AA46: 10315.385 | AB46: 9689.677 | AC46: 8644.84 | AD46: 5580.012 | AE46: 3049.343 | AF46: 3499.63 | AG46: 3722.622 | AH46: 5482.985 | AI46: 4468.071 | AJ46: 6171.241 | AK46: 4412.62
A47: Other bituminous coal | B47: Change in stock | C47: 2717.1 | D47: 2649.542 | E47: -6643.319 | F47: 8478.82 | G47: 5751.656 | H47: 1599.7 | I47: 7305.5 | J47: -2506 | K47: 9331.4 | L47: 3447.7 | M47: 4131.3 | N47: 6138.301 | O47: 1330.677 | P47: 4432.409 | Q47: -2856.965 | R47: -136.6 | S47: 1536.175 | T47: 7476.567 | U47: -8227.166 | V47: -6549.56 | W47: 11091.013 | X47: -2856.051 | Y47: -8456.519 | Z47: 9737.975 | AA47: -1708.829 | AB47: 4634.133 | AC47: 9791.268 | AD47: 1522.767 | AE47: 950.457 | AF47: -3557.65 | AG47: 7449.243 | AH47: 14587.444 | AI47: -8850.829 | AJ47: -3705.978 | AK47: 5761.022
A48: Other bituminous coal | B48: International maritime bunkers | C48: 0 | D48: 0 | E48: 0 | F48: 0 | G48: 0 | H48: 0 | I48: 0 | J48: 0 | K48: 0 | L48: 0 | M48: 0 | N48: 0 | O48: 0 | P48: 0 | Q48: 0 | R48: 0 | S48: 0 | T48: 0 | U48: 0 | V48: 0 | W48: 0 | X48: 0 | Y48: 0 | Z48: 0 | AA48: 0 | AB48: 0 | AC48: 0 | AD48: 0 | AE48: 0 | AF48: 0 | AG48: 0 | AH48: 0 | AI48: 0 | AJ48: 0 | AK48: :
A49: Other bituminous coal | B49: Inland consumption - calculated | C49: 268133.6 | D49: 273286.54 | E49: 253527.26 | F49: 243129.42 | G49: 237062.36 | H49: 238072.1 | I49: 245999.9 | J49: 231100.6 | K49: 220583.9 | L49: 212203.1 | M49: 220045.45 | N49: 219649.85 | O49: 218115.37 | P49: 225527.42 | Q49: 221430.63 | R49: 211751.52 | S49: 222463.43 | T49: 222739.6 | U49: 201453.83 | V49: 183439.01 | W49: 195385.89 | X49: 192544.48 | Y49: 191619.03 | Z49: 196909.23 | AA49: 181883.5 | AB49: 188310.23 | AC49: 180999.82 | AD49: 171749.69 | AE49: 162194.03 | AF49: 127271.02 | AG49: 99583.24 | AH49: 119495.07 | AI49: 118120.03 | AJ49: 86726.122 | AK49: 71007.871
A50: Brown coal | B50: Indigenous production | C50: 676316.25 | D50: 586481.8 | E50: 543955 | F50: 524051.5 | G50: 499214 | H50: 483626 | I50: 482844.9 | J50: 459262 | K50: 436445 | L50: 414100 | M50: 432561 | N50: 447120 | O50: 450629 | P50: 452411 | Q50: 450720 | R50: 441059 | S50: 438813 | T50: 443958 | U50: 432067 | V50: 416864 | W50: 405078 | X50: 436061 | Y50: 441689 | Z50: 413803 | AA50: 401987 | AB50: 402581 | AC50: 372312 | AD50: 384491.29 | AE50: 368665.16 | AF50: 307597.03 | AG50: 244456.88 | AH50: 274986.13 | AI50: 294932.11 | AJ50: 224909.41 | AK50: 196556.33
A51: Brown coal | B51: Transfer from other sources | C51: 1321 | D51: 1473 | E51: 979 | F51: 971 | G51: 753 | H51: 637 | I51: 560 | J51: 427 | K51: 312 | L51: 364 | M51: 375 | N51: 218 | O51: 173 | P51: 129 | Q51: 181 | R51: 109 | S51: 29 | T51: 0 | U51: 261 | V51: 0 | W51: 0 | X51: 0 | Y51: 0 | Z51: 77.5 | AA51: 80.7 | AB51: 67 | AC51: 112.5 | AD51: 105 | AE51: 474.63 | AF51: 454.868 | AG51: 388.322 | AH51: 192.805 | AI51: 124.182 | AJ51: 187.308 | AK51: 144.959
A52: Brown coal | B52: Imports | C52: 15275.268 | D52: 16280 | E52: 12754.159 | F52: 11232.299 | G52: 8527.172 | H52: 7732.8 | I52: 8031.2 | J52: 6265.3 | K52: 4847.3 | L52: 4757.3 | M52: 4243.3 | N52: 4366.6 | O52: 2803.2 | P52: 2986.5 | Q52: 2595.5 | R52: 3547.083 | S52: 4186.159 | T52: 5056.986 | U52: 4621.083 | V52: 3652.776 | W52: 3176.133 | X52: 2978.324 | Y52: 4042.849 | Z52: 3579.504 | AA52: 4460.976 | AB52: 4169.824 | AC52: 2750.91 | AD52: 2600.451 | AE52: 2472.773 | AF52: 2460.568 | AG52: 1785.946 | AH52: 1383.72 | AI52: 2037.335 | AJ52: 1574.814 | AK52: 777.219
A53: Brown coal | B53: Exports | C53: 10059 | D53: 11045 | E53: 9805 | F53: 9480 | G53: 6871 | H53: 6849.5 | I53: 5784 | J53: 4841 | K53: 3794 | L53: 3276 | M53: 2870 | N53: 3036 | O53: 2033 | P53: 1180 | Q53: 1262 | R53: 1636 | S53: 1938 | T53: 1533 | U53: 1664.148 | V53: 1351.246 | W53: 1288.079 | X53: 1380.741 | Y53: 1852.002 | Z53: 1795.008 | AA53: 2809.004 | AB53: 2749.92 | AC53: 1298.9 | AD53: 1230.82 | AE53: 1177.267 | AF53: 888.246 | AG53: 579.248 | AH53: 357.587 | AI53: 2037.708 | AJ53: 2719.968 | AK53: 1154.099
A54: Brown coal | B54: Change in stock | C54: 8120.933 | D54: 1365.721 | E54: 1881 | F54: 1897 | G54: 1984 | H54: 1143 | I54: -3968 | J54: -1009 | K54: 142 | L54: 1886 | M54: 3457 | N54: 162 | O54: -1459.4 | P54: 3678 | Q54: 2665 | R54: 3980.314 | S54: 2068.125 | T54: -800 | U54: -3342 | V54: -1662 | W54: 886.885 | X54: 1723.025 | Y54: -1493.83 | Z54: 1212.612 | AA54: 3331.2 | AB54: -700.09 | AC54: 2130.845 | AD54: -479.034 | AE54: 1866.951 | AF54: -1148.763 | AG54: 1762.734 | AH54: 2512.313 | AI54: -1241.691 | AJ54: -2531.659 | AK54: 2977.694
A55: Brown coal | B55: International maritime bunkers | C55: 0 | D55: 0 | E55: 0 | F55: 0 | G55: 0 | H55: 0 | I55: 0 | J55: 0 | K55: 0 | L55: 0 | M55: 0 | N55: 0 | O55: 0 | P55: 0 | Q55: 0 | R55: 0 | S55: 0 | T55: 0 | U55: 0 | V55: 0 | W55: 0 | X55: 0 | Y55: 0 | Z55: 0 | AA55: 0 | AB55: 0 | AC55: 0 | AD55: 0 | AE55: 0 | AF55: 0 | AG55: 0 | AH55: 0 | AI55: 0 | AJ55: 0 | AK55: :
A56: Brown coal | B56: Inland consumption - calculated | C56: 690974.45 | D56: 594555.52 | E56: 549764.16 | F56: 528671.8 | G56: 503607.17 | H56: 486289.3 | I56: 481684.1 | J56: 460104.3 | K56: 437952.3 | L56: 417831.3 | M56: 437766.3 | N56: 448830.6 | O56: 450112.8 | P56: 458024.5 | Q56: 454899.5 | R56: 447059.4 | S56: 443158.28 | T56: 446681.99 | U56: 431942.93 | V56: 417503.53 | W56: 407852.94 | X56: 439381.61 | Y56: 442386.02 | Z56: 416877.61 | AA56: 407050.87 | AB56: 403367.81 | AC56: 376007.35 | AD56: 385486.89 | AE56: 372302.25 | AF56: 308475.45 | AG56: 247814.63 | AH56: 278717.38 | AI56: 293814.23 | AJ56: 221419.91 | AK56: 199302.1
A57: Sub-bituminous coal | B57: Indigenous production | C57: 5307 | D57: 7928 | E57: 7475 | F57: 7727 | G57: 7438 | H57: 8008 | I57: 8134 | J57: 5534 | K57: 5135 | L57: 4682 | M57: 3630 | N57: 3504 | O57: 3556 | P57: 3177 | Q57: 3476 | R57: 3378 | S57: 3243 | T57: 3141 | U57: 2882 | V57: 2504 | W57: 2448 | X57: 2394 | Y57: 2314 | Z57: 1873 | AA57: 1310 | AB57: 1327 | AC57: 730 | AD57: 1816.088 | AE57: 1630.05 | AF57: 0 | AG57: 0 | AH57: 0 | AI57: 0 | AJ57: 0 | AK57: 0
A58: Sub-bituminous coal | B58: Transfer from other sources | C58: 1321 | D58: 1473 | E58: 979 | F58: 971 | G58: 753 | H58: 637 | I58: 560 | J58: 427 | K58: 312 | L58: 364 | M58: 375 | N58: 218 | O58: 173 | P58: 129 | Q58: 181 | R58: 109 | S58: 29 | T58: 0 | U58: 0 | V58: 0 | W58: 0 | X58: 0 | Y58: 0 | Z58: 77.5 | AA58: 80.7 | AB58: 67 | AC58: 112.5 | AD58: 105 | AE58: 127.8 | AF58: 136.3 | AG58: 143.4 | AH58: 113 | AI58: 99.1 | AJ58: 110.3 | AK58: 116.7
A59: Sub-bituminous coal | B59: Imports | C59: 1122 | D59: 1888 | E59: 763 | F59: 679 | G59: 888 | H59: 1197 | I59: 1011 | J59: 946 | K59: 706 | L59: 947 | M59: 1022 | N59: 834 | O59: 1073 | P59: 1149 | Q59: 1687 | R59: 2225.41 | S59: 2366.64 | T59: 3051.807 | U59: 2923.922 | V59: 2224.481 | W59: 2041.419 | X59: 1734.861 | Y59: 2316.777 | Z59: 1904.779 | AA59: 1675.353 | AB59: 1721.118 | AC59: 1334.642 | AD59: 1129.825 | AE59: 1069.808 | AF59: 1362.262 | AG59: 900.388 | AH59: 813.775 | AI59: 1049.019 | AJ59: 769.248 | AK59: 358.495
A60: Sub-bituminous coal | B60: Exports | C60: 57 | D60: 92 | E60: 14 | F60: 16 | G60: 8 | H60: 2 | I60: 99 | J60: 4 | K60: 4 | L60: 1 | M60: 61 | N60: 38 | O60: 35 | P60: 46 | Q60: 96 | R60: 47 | S60: 61 | T60: 10 | U60: 14 | V60: 19 | W60: 44 | X60: 6 | Y60: 12 | Z60: 0 | AA60: 0 | AB60: 0.9 | AC60: 0.9 | AD60: 6.6 | AE60: 1 | AF60: 1.3 | AG60: 0.2 | AH60: 0.2 | AI60: 0.8 | AJ60: 3.1 | AK60: 5.4
A61: Sub-bituminous coal | B61: Change in stock | C61: -186 | D61: 56 | E61: 610 | F61: -152 | G61: 268 | H61: -78 | I61: -761 | J61: 35 | K61: -1078 | L61: -486 | M61: 840 | N61: -31 | O61: 277 | P61: 247 | Q61: 159 | R61: 681 | S61: 70 | T61: 234 | U61: -655 | V61: -921 | W61: -1673 | X61: 472 | Y61: -111 | Z61: -160 | AA61: 972 | AB61: 986 | AC61: 682 | AD61: 114.442 | AE61: -209.738 | AF61: 541.387 | AG61: 180.465 | AH61: 207.312 | AI61: -108.299 | AJ61: -133.079 | AK61: 203.423
A62: Sub-bituminous coal | B62: International maritime bunkers | C62: 0 | D62: 0 | E62: 0 | F62: 0 | G62: 0 | H62: 0 | I62: 0 | J62: 0 | K62: 0 | L62: 0 | M62: 0 | N62: 0 | O62: 0 | P62: 0 | Q62: 0 | R62: 0 | S62: 0 | T62: 0 | U62: 0 | V62: 0 | W62: 0 | X62: 0 | Y62: 0 | Z62: 0 | AA62: 0 | AB62: 0 | AC62: 0 | AD62: 0 | AE62: 0 | AF62: 0 | AG62: 0 | AH62: 0 | AI62: 0 | AJ62: 0 | AK62: :
A63: Sub-bituminous coal | B63: Inland consumption - calculated | C63: 7507 | D63: 11253 | E63: 9813 | F63: 9209 | G63: 9339 | H63: 9762 | I63: 8845 | J63: 6938 | K63: 5071 | L63: 5506 | M63: 5806 | N63: 4487 | O63: 5044 | P63: 4656 | Q63: 5407 | R63: 6346.41 | S63: 5647.64 | T63: 6416.807 | U63: 5136.922 | V63: 3788.481 | W63: 2772.419 | X63: 4594.861 | Y63: 4507.777 | Z63: 3695.279 | AA63: 4038.053 | AB63: 4100.218 | AC63: 2858.242 | AD63: 3158.755 | AE63: 2616.92 | AF63: 2038.649 | AG63: 1224.053 | AH63: 1133.887 | AI63: 1039.02 | AJ63: 743.369 | AK63: 673.218
A64: Lignite | B64: Indigenous production | C64: 671009.25 | D64: 578553.8 | E64: 536480 | F64: 516324.5 | G64: 491776 | H64: 475618 | I64: 474710.9 | J64: 453728 | K64: 431310 | L64: 409418 | M64: 428931 | N64: 443616 | O64: 447073 | P64: 449234 | Q64: 447244 | R64: 437681 | S64: 435570 | T64: 440817 | U64: 429185 | V64: 414360 | W64: 402630 | X64: 433667 | Y64: 439375 | Z64: 411930 | AA64: 400677 | AB64: 401254 | AC64: 371582 | AD64: 382675.21 | AE64: 367035.11 | AF64: 307597.03 | AG64: 244456.88 | AH64: 274986.13 | AI64: 294932.11 | AJ64: 224909.41 | AK64: 196556.33
A65: Lignite | B65: Transfer from other sources | C65: 0 | D65: 0 | E65: 0 | F65: 0 | G65: 0 | H65: 0 | I65: 0 | J65: 0 | K65: 0 | L65: 0 | M65: 0 | N65: 0 | O65: 0 | P65: 0 | Q65: 0 | R65: 0 | S65: 0 | T65: 0 | U65: 261 | V65: 0 | W65: 0 | X65: 0 | Y65: 0 | Z65: 0 | AA65: 0 | AB65: 0 | AC65: 0 | AD65: 0 | AE65: 346.83 | AF65: 318.568 | AG65: 244.922 | AH65: 79.805 | AI65: 25.082 | AJ65: 77.008 | AK65: 28.259
A66: Lignite | B66: Imports | C66: 14153.268 | D66: 14392 | E66: 11991.159 | F66: 10553.299 | G66: 7639.172 | H66: 6535.8 | I66: 7020.2 | J66: 5319.3 | K66: 4141.3 | L66: 3810.3 | M66: 3221.3 | N66: 3532.6 | O66: 1730.2 | P66: 1837.5 | Q66: 908.5 | R66: 1321.673 | S66: 1819.519 | T66: 2005.179 | U66: 1697.161 | V66: 1428.295 | W66: 1134.714 | X66: 1243.463 | Y66: 1726.072 | Z66: 1674.725 | AA66: 2785.623 | AB66: 2448.706 | AC66: 1416.268 | AD66: 1470.626 | AE66: 1402.965 | AF66: 1098.306 | AG66: 885.558 | AH66: 569.945 | AI66: 988.316 | AJ66: 805.566 | AK66: 418.724
A67: Lignite | B67: Exports | C67: 10002 | D67: 10953 | E67: 9791 | F67: 9464 | G67: 6863 | H67: 6847.5 | I67: 5685 | J67: 4837 | K67: 3790 | L67: 3275 | M67: 2809 | N67: 2998 | O67: 1998 | P67: 1134 | Q67: 1166 | R67: 1589 | S67: 1877 | T67: 1523 | U67: 1650.148 | V67: 1332.246 | W67: 1244.079 | X67: 1374.741 | Y67: 1840.002 | Z67: 1795.008 | AA67: 2809.004 | AB67: 2749.02 | AC67: 1298 | AD67: 1224.22 | AE67: 1176.267 | AF67: 886.946 | AG67: 579.048 | AH67: 357.387 | AI67: 2036.908 | AJ67: 2716.868 | AK67: 1148.699
A68: Lignite | B68: Change in stock | C68: 8306.933 | D68: 1309.721 | E68: 1271 | F68: 2049 | G68: 1716 | H68: 1221 | I68: -3207 | J68: -1044 | K68: 1220 | L68: 2372 | M68: 2617 | N68: 193 | O68: -1736.4 | P68: 3431 | Q68: 2506 | R68: 3299.314 | S68: 1998.125 | T68: -1034 | U68: -2687 | V68: -741 | W68: 2559.885 | X68: 1251.025 | Y68: -1382.83 | Z68: 1372.612 | AA68: 2359.2 | AB68: -1686.09 | AC68: 1448.845 | AD68: -593.476 | AE68: 2076.689 | AF68: -1690.15 | AG68: 1582.269 | AH68: 2305.001 | AI68: -1133.392 | AJ68: -2398.58 | AK68: 2774.271
A69: Lignite | B69: International maritime bunkers | C69: 0 | D69: 0 | E69: 0 | F69: 0 | G69: 0 | H69: 0 | I69: 0 | J69: 0 | K69: 0 | L69: 0 | M69: 0 | N69: 0 | O69: 0 | P69: 0 | Q69: 0 | R69: 0 | S69: 0 | T69: 0 | U69: 0 | V69: 0 | W69: 0 | X69: 0 | Y69: 0 | Z69: 0 | AA69: 0 | AB69: 0 | AC69: 0 | AD69: 0 | AE69: 0 | AF69: 0 | AG69: 0 | AH69: 0 | AI69: 0 | AJ69: 0 | AK69: :
A70: Lignite | B70: Inland consumption - calculated | C70: 683467.45 | D70: 583302.52 | E70: 539951.16 | F70: 519462.8 | G70: 494268.17 | H70: 476527.3 | I70: 472839.1 | J70: 453166.3 | K70: 432881.3 | L70: 412325.3 | M70: 431960.3 | N70: 444343.6 | O70: 445068.8 | P70: 453368.5 | Q70: 449492.5 | R70: 440712.99 | S70: 437510.64 | T70: 440265.18 | U70: 426806.01 | V70: 413715.05 | W70: 405080.52 | X70: 434786.75 | Y70: 437878.24 | Z70: 413182.33 | AA70: 403012.82 | AB70: 399267.6 | AC70: 373149.11 | AD70: 382328.14 | AE70: 369685.33 | AF70: 306436.8 | AG70: 246590.58 | AH70: 277583.49 | AI70: 292775.21 | AJ70: 220676.54 | AK70: 198628.88
A71: Coke oven coke | B71: Indigenous production | C71: 79880 | D71: 67764 | E71: 64823 | F71: 58994 | G71: 59257 | H71: 58826 | I71: 56209 | J71: 56309 | K71: 53715 | L71: 47503 | M71: 47926 | N71: 45869 | O71: 44099 | P71: 46003 | Q71: 47513 | R71: 45838.937 | S71: 47441.036 | T71: 47045.759 | U71: 45273.613 | V71: 32952.603 | W71: 39923.708 | X71: 39719.48 | Y71: 38200.903 | Z71: 37119.841 | AA71: 36636.462 | AB71: 36652.304 | AC71: 36875.66 | AD71: 36804.945 | AE71: 36803.986 | AF71: 34498.596 | AG71: 30135.04 | AH71: 31263.355 | AI71: 30250.973 | AJ71: 27847.738 | AK71: 27638.929
A72: Coke oven coke | B72: Transfer from other sources | C72: 0 | D72: 0 | E72: 0 | F72: 0 | G72: 0 | H72: 0 | I72: 0 | J72: 0 | K72: 0 | L72: 0 | M72: 0 | N72: 0 | O72: 0 | P72: 0 | Q72: 0 | R72: 0 | S72: 0 | T72: 0 | U72: 0 | V72: 0 | W72: 2 | X72: 0 | Y72: 0 | Z72: 0 | AA72: 0 | AB72: 0 | AC72: 0 | AD72: 0 | AE72: 0 | AF72: 0 | AG72: 0 | AH72: 0 | AI72: 0 | AJ72: 0 | AK72: 0
A73: Coke oven coke | B73: Imports | C73: 10369 | D73: 9084 | E73: 7582 | F73: 7726 | G73: 9375 | H73: 10315 | I73: 8590 | J73: 9089 | K73: 10412 | L73: 9540 | M73: 12988.005 | N73: 14479.706 | O73: 13216.267 | P73: 14264.623 | Q73: 12827.527 | R73: 11126.155 | S73: 11575.648 | T73: 11676.334 | U73: 11571.999 | V73: 6828.069 | W73: 10938.067 | X73: 9056.021 | Y73: 7654.13 | Z73: 8670.966 | AA73: 9525.948 | AB73: 7783.93 | AC73: 7377.385 | AD73: 7325.229 | AE73: 7787.751 | AF73: 7703.845 | AG73: 6318.005 | AH73: 8618.02 | AI73: 8168.147 | AJ73: 7005.156 | AK73: 6810.48
A74: Coke oven coke | B74: Exports | C74: 10979 | D74: 9683 | E74: 8246 | F74: 7202 | G74: 8642 | H74: 8180 | I74: 6357 | J74: 7011 | K74: 7231 | L74: 6499 | M74: 7720 | N74: 7539 | O74: 7498 | P74: 8567 | Q74: 9159 | R74: 7794.214 | S74: 10668.778 | T74: 10490.148 | U74: 9917.439 | V74: 7737.057 | W74: 9499.808 | X74: 8826.186 | Y74: 8966.146 | Z74: 9118.545 | AA74: 9670.418 | AB74: 8439.864 | AC74: 9434.34 | AD74: 9071.577 | AE74: 9134.696 | AF74: 8651.904 | AG74: 8780.579 | AH74: 9519.506 | AI74: 8538.472 | AJ74: 9004.755 | AK74: 8235.363
A75: Coke oven coke | B75: Change in stock | C75: -92 | D75: 389 | E75: -1350 | F75: 906 | G75: 2295 | H75: 1328 | I75: 189 | J75: 997 | K75: -944 | L75: 467 | M75: 1107 | N75: -4 | O75: 1901 | P75: 298 | Q75: -340 | R75: -1308.159 | S75: 790.901 | T75: -247.137 | U75: -1366.756 | V75: 1113.531 | W75: -118.235 | X75: -39.033 | Y75: 20.076 | Z75: -51.867 | AA75: 291.771 | AB75: -262.863 | AC75: -81.244 | AD75: -54.22 | AE75: -712.548 | AF75: -678.44 | AG75: 428.887 | AH75: 2621.202 | AI75: 1417.656 | AJ75: 2228.127 | AK75: 2242.278
A76: Coke oven coke | B76: International maritime bunkers | C76: 0 | D76: 0 | E76: 0 | F76: 0 | G76: 0 | H76: 0 | I76: 0 | J76: 0 | K76: 0 | L76: 0 | M76: 0 | N76: 0 | O76: 0 | P76: 0 | Q76: 0 | R76: 0 | S76: 0 | T76: 0 | U76: 0 | V76: 0 | W76: 0 | X76: 0 | Y76: 0 | Z76: 0 | AA76: 0 | AB76: 0 | AC76: 0 | AD76: 0 | AE76: 0 | AF76: 0 | AG76: 0 | AH76: 0 | AI76: 0 | AJ76: 0 | AK76: :
A77: Coke oven coke | B77: Inland consumption - calculated | C77: 79178 | D77: 67554 | E77: 62809 | F77: 60424 | G77: 62285 | H77: 62289 | I77: 58631 | J77: 59384 | K77: 55952 | L77: 51011 | M77: 54301.005 | N77: 52805.706 | O77: 51718.267 | P77: 51998.623 | Q77: 50841.527 | R77: 47862.719 | S77: 49138.807 | T77: 47984.808 | U77: 45561.417 | V77: 33157.146 | W77: 41245.732 | X77: 39910.282 | Y77: 36908.963 | Z77: 36620.395 | AA77: 36783.763 | AB77: 35733.507 | AC77: 34737.461 | AD77: 35004.377 | AE77: 34744.493 | AF77: 32872.097 | AG77: 28101.353 | AH77: 32983.071 | AI77: 31298.304 | AJ77: 28076.266 | AK77: 28456.324
A78: Gas coke | B78: Indigenous production | C78: 155 | D78: 55 | E78: 28 | F78: 7 | G78: 1 | H78: 1 | I78: 1 | J78: 1 | K78: 1 | L78: 0 | M78: 0 | N78: 0 | O78: 0 | P78: 0 | Q78: 0 | R78: 0 | S78: 0 | T78: 0 | U78: 0 | V78: 0 | W78: 0 | X78: 0 | Y78: 0 | Z78: 0 | AA78: 0 | AB78: 0 | AC78: 0 | AD78: 0 | AE78: 0 | AF78: 0 | AG78: 0 | AH78: 0 | AI78: 0 | AJ78: 0 | AK78: 0
A79: Gas coke | B79: Transfer from other sources | C79: 0 | D79: 0 | E79: 0 | F79: 0 | G79: 0 | H79: 0 | I79: 0 | J79: 0 | K79: 0 | L79: 0 | M79: 0 | N79: 0 | O79: 0 | P79: 0 | Q79: 0 | R79: 0 | S79: 0 | T79: 0 | U79: 0 | V79: 0 | W79: 0 | X79: 0 | Y79: 0 | Z79: 0 | AA79: 0 | AB79: 0 | AC79: 0 | AD79: 0 | AE79: 0 | AF79: 0 | AG79: 0 | AH79: 0 | AI79: 0 | AJ79: 0 | AK79: 0
A80: Gas coke | B80: Imports | C80: 0 | D80: 0 | E80: 0 | F80: 0 | G80: 0 | H80: 0 | I80: 0 | J80: 0 | K80: 0 | L80: 0 | M80: 0 | N80: 0 | O80: 0 | P80: 0 | Q80: 0 | R80: 0 | S80: 0 | T80: 0 | U80: 0 | V80: 0 | W80: 0 | X80: 0 | Y80: 0 | Z80: 0 | AA80: 0 | AB80: 0 | AC80: 0 | AD80: 0 | AE80: 0 | AF80: 0 | AG80: 0 | AH80: 0 | AI80: 0 | AJ80: 0 | AK80: 0
A81: Gas coke | B81: Exports | C81: 0 | D81: 0 | E81: 0 | F81: 0 | G81: 0 | H81: 0 | I81: 0 | J81: 0 | K81: 0 | L81: 0 | M81: 0 | N81: 0 | O81: 0 | P81: 0 | Q81: 0 | R81: 0 | S81: 0 | T81: 0 | U81: 0 | V81: 0 | W81: 0 | X81: 0 | Y81: 0 | Z81: 0 | AA81: 0 | AB81: 0 | AC81: 0 | AD81: 0 | AE81: 0 | AF81: 0 | AG81: 0 | AH81: 0 | AI81: 0 | AJ81: 0 | AK81: 0
A82: Gas coke | B82: Change in stock | C82: 0 | D82: 0 | E82: 0 | F82: 0 | G82: 0 | H82: 0 | I82: 0 | J82: 0 | K82: 0 | L82: 0 | M82: 0 | N82: 0 | O82: 0 | P82: 0 | Q82: 0 | R82: 0 | S82: 0 | T82: 0 | U82: 0 | V82: 0 | W82: 0 | X82: 0 | Y82: 0 | Z82: 0 | AA82: 0 | AB82: 0 | AC82: 0 | AD82: 0 | AE82: 0 | AF82: 0 | AG82: 0 | AH82: 0 | AI82: 0 | AJ82: 0 | AK82: 0
A83: Gas coke | B83: International maritime bunkers | C83: 0 | D83: 0 | E83: 0 | F83: 0 | G83: 0 | H83: 0 | I83: 0 | J83: 0 | K83: 0 | L83: 0 | M83: 0 | N83: 0 | O83: 0 | P83: 0 | Q83: 0 | R83: 0 | S83: 0 | T83: 0 | U83: 0 | V83: 0 | W83: 0 | X83: 0 | Y83: 0 | Z83: 0 | AA83: 0 | AB83: 0 | AC83: 0 | AD83: 0 | AE83: 0 | AF83: 0 | AG83: 0 | AH83: 0 | AI83: 0 | AJ83: 0 | AK83: :
A84: Gas coke | B84: Inland consumption - calculated | C84: 155 | D84: 55 | E84: 28 | F84: 7 | G84: 1 | H84: 1 | I84: 1 | J84: 1 | K84: 1 | L84: 0 | M84: 0 | N84: 0 | O84: 0 | P84: 0 | Q84: 0 | R84: 0 | S84: 0 | T84: 0 | U84: 0 | V84: 0 | W84: 0 | X84: 0 | Y84: 0 | Z84: 0 | AA84: 0 | AB84: 0 | AC84: 0 | AD84: 0 | AE84: 0 | AF84: 0 | AG84: 0 | AH84: 0 | AI84: 0 | AJ84: 0 | AK84: 0
A85: Patent fuel | B85: Indigenous production | C85: 3533 | D85: 3610 | E85: 2057 | F85: 1717 | G85: 1311 | H85: 1031 | I85: 1006 | J85: 774 | K85: 540 | L85: 472 | M85: 363 | N85: 312 | O85: 209 | P85: 195 | Q85: 182 | R85: 160 | S85: 150 | T85: 119 | U85: 28 | V85: 16 | W85: 0 | X85: 5 | Y85: 0 | Z85: 0 | AA85: 3 | AB85: 3 | AC85: 2 | AD85: 2.333 | AE85: 14.286 | AF85: 6.619 | AG85: 10.647 | AH85: 9.453 | AI85: 0.336 | AJ85: 0 | AK85: 0
A86: Patent fuel | B86: Transfer from other sources | C86: 0 | D86: 0 | E86: 0 | F86: 0 | G86: 0 | H86: 0 | I86: 0 | J86: 0 | K86: 0 | L86: 0 | M86: 0 | N86: 0 | O86: 0 | P86: 0 | Q86: 0 | R86: 0 | S86: 0 | T86: 0 | U86: 0 | V86: 0 | W86: 0 | X86: 0 | Y86: 0 | Z86: 0 | AA86: 0 | AB86: 0 | AC86: 0 | AD86: 0 | AE86: 0 | AF86: 0 | AG86: 0 | AH86: 0 | AI86: 0 | AJ86: 0 | AK86: 0
A87: Patent fuel | B87: Imports | C87: 240 | D87: 179 | E87: 163 | F87: 211 | G87: 160 | H87: 177 | I87: 252 | J87: 288 | K87: 240 | L87: 149 | M87: 122.211 | N87: 124.138 | O87: 124.187 | P87: 102.056 | Q87: 100.108 | R87: 157.161 | S87: 156.905 | T87: 149.951 | U87: 207.783 | V87: 202.015 | W87: 490.166 | X87: 372.438 | Y87: 268.671 | Z87: 243.172 | AA87: 169.532 | AB87: 214.44 | AC87: 201.217 | AD87: 175.667 | AE87: 176 | AF87: 117.064 | AG87: 92.121 | AH87: 102.381 | AI87: 146.647 | AJ87: 87.792 | AK87: 82.689
A88: Patent fuel | B88: Exports | C88: 395 | D88: 358 | E88: 320 | F88: 278 | G88: 224 | H88: 171 | I88: 191 | J88: 211 | K88: 52 | L88: 32 | M88: 74 | N88: 77 | O88: 81 | P88: 67 | Q88: 65 | R88: 56 | S88: 68.002 | T88: 49.009 | U88: 15 | V88: 16 | W88: 13 | X88: 33 | Y88: 17 | Z88: 12 | AA88: 16 | AB88: 18 | AC88: 10 | AD88: 9.246 | AE88: 12.635 | AF88: 27.456 | AG88: 22.148 | AH88: 24.59 | AI88: 27.099 | AJ88: 35.049 | AK88: 19.676
A89: Patent fuel | B89: Change in stock | C89: 132 | D89: 38 | E89: 32 | F89: 32 | G89: 27 | H89: 14 | I89: 17 | J89: -11 | K89: 1 | L89: -6 | M89: -12 | N89: -28 | O89: 43 | P89: 34 | Q89: 5 | R89: -12 | S89: -4 | T89: -2 | U89: -4 | V89: -5 | W89: 3 | X89: -4 | Y89: 5 | Z89: -2 | AA89: 1 | AB89: 0 | AC89: 1 | AD89: -1.28 | AE89: -4.715 | AF89: 5.96 | AG89: 0.389 | AH89: 0.012 | AI89: 0.066 | AJ89: 11.806 | AK89: 0.883
A90: Patent fuel | B90: International maritime bunkers | C90: 0 | D90: 0 | E90: 0 | F90: 0 | G90: 0 | H90: 0 | I90: 0 | J90: 0 | K90: 0 | L90: 0 | M90: 0 | N90: 0 | O90: 0 | P90: 0 | Q90: 0 | R90: 0 | S90: 0 | T90: 0 | U90: 0 | V90: 0 | W90: 0 | X90: 0 | Y90: 0 | Z90: 0 | AA90: 0 | AB90: 0 | AC90: 0 | AD90: 0 | AE90: 0 | AF90: 0 | AG90: 0 | AH90: 0 | AI90: 0 | AJ90: 0 | AK90: :
A91: Patent fuel | B91: Inland consumption - calculated | C91: 3510 | D91: 3469 | E91: 1932 | F91: 1682 | G91: 1274 | H91: 1051 | I91: 1084 | J91: 840 | K91: 729 | L91: 583 | M91: 399.211 | N91: 331.138 | O91: 295.187 | P91: 264.056 | Q91: 222.108 | R91: 249.161 | S91: 234.903 | T91: 217.942 | U91: 216.783 | V91: 197.015 | W91: 480.166 | X91: 340.438 | Y91: 256.671 | Z91: 229.172 | AA91: 157.532 | AB91: 199.44 | AC91: 194.217 | AD91: 167.474 | AE91: 172.936 | AF91: 102.187 | AG91: 81.009 | AH91: 87.256 | AI91: 119.95 | AJ91: 64.549 | AK91: 63.896
A92: Brown coal briquettes | B92: Indigenous production | C92: 47819 | D92: 29267 | E92: 19091 | F92: 16454 | G92: 13290 | H92: 10763 | I92: 10588 | J92: 8719 | K92: 7218 | L92: 6907 | M92: 6777 | N92: 6602 | O92: 6709 | P92: 6669 | Q92: 6840 | R92: 7227 | S92: 8003 | T92: 7807 | U92: 8104 | V92: 7594 | W92: 7837 | X92: 7871 | Y92: 7925 | Z92: 8686 | AA92: 8419 | AB92: 7717 | AC92: 7849 | AD92: 8024.519 | AE92: 7736.485 | AF92: 6834.09 | AG92: 6113.714 | AH92: 6416.404 | AI92: 5914.032 | AJ92: 4960.417 | AK92: 4592.02
A93: Brown coal briquettes | B93: Transfer from other sources | C93: 0 | D93: 0 | E93: 0 | F93: 0 | G93: 0 | H93: 0 | I93: 0 | J93: 0 | K93: 0 | L93: 0 | M93: 0 | N93: 0 | O93: 0 | P93: 0 | Q93: 0 | R93: 0 | S93: 0 | T93: 12 | U93: 0 | V93: 0 | W93: 0 | X93: 0 | Y93: 0 | Z93: 0 | AA93: 0 | AB93: 0 | AC93: 0 | AD93: 0 | AE93: 0 | AF93: 0 | AG93: 0 | AH93: 0 | AI93: 0 | AJ93: 0 | AK93: 0
A94: Brown coal briquettes | B94: Imports | C94: 3380 | D94: 1010 | E94: 817 | F94: 894 | G94: 838 | H94: 824 | I94: 905.246 | J94: 702.443 | K94: 497.854 | L94: 415.858 | M94: 570.528 | N94: 562.961 | O94: 516.819 | P94: 513.829 | Q94: 445.758 | R94: 470.594 | S94: 584.226 | T94: 589.544 | U94: 575.22 | V94: 613.514 | W94: 764.597 | X94: 917.351 | Y94: 912.139 | Z94: 958.375 | AA94: 912.08 | AB94: 817.619 | AC94: 811.791 | AD94: 853.695 | AE94: 863.027 | AF94: 799.247 | AG94: 576.475 | AH94: 704.303 | AI94: 625.564 | AJ94: 424.437 | AK94: 341.86
A95: Brown coal briquettes | B95: Exports | C95: 4088.971 | D95: 1779 | E95: 771 | F95: 1202 | G95: 1063 | H95: 1149 | I95: 1241.468 | J95: 1028.834 | K95: 758 | L95: 662 | M95: 596 | N95: 733 | O95: 904 | P95: 840 | Q95: 821 | R95: 878.42 | S95: 1067.592 | T95: 1023.589 | U95: 1188.931 | V95: 1220.468 | W95: 1381.044 | X95: 1525.845 | Y95: 1598.651 | Z95: 1582.543 | AA95: 1634.969 | AB95: 1530.619 | AC95: 1482.391 | AD95: 1594.081 | AE95: 1603.616 | AF95: 1432.212 | AG95: 1200.14 | AH95: 1337.311 | AI95: 1346.333 | AJ95: 1138.137 | AK95: 1008.536
A96: Brown coal briquettes | B96: Change in stock | C96: 1998 | D96: 74 | E96: 134 | F96: 92 | G96: 34 | H96: 19 | I96: 0.946 | J96: -14.527 | K96: -9.036 | L96: -9.368 | M96: 38.45 | N96: -6.5 | O96: -7 | P96: -24 | Q96: -32 | R96: -36.804 | S96: -23.328 | T96: 9.872 | U96: -59.721 | V96: -28.976 | W96: 47.263 | X96: 106.86 | Y96: -15.522 | Z96: 101.913 | AA96: 49.766 | AB96: 47.824 | AC96: 44.029 | AD96: -97.728 | AE96: -237.159 | AF96: -153.558 | AG96: 12.373 | AH96: 170.989 | AI96: 189.943 | AJ96: 40.374 | AK96: 28.302
A97: Brown coal briquettes | B97: International maritime bunkers | C97: 0 | D97: 0 | E97: 0 | F97: 0 | G97: 0 | H97: 0 | I97: 0 | J97: 0 | K97: 0 | L97: 0 | M97: 0 | N97: 0 | O97: 0 | P97: 0 | Q97: 0 | R97: 0 | S97: 0 | T97: 0 | U97: 0 | V97: 0 | W97: 0 | X97: 0 | Y97: 0 | Z97: 0 | AA97: 0 | AB97: 0 | AC97: 0 | AD97: 0 | AE97: 0 | AF97: 0 | AG97: 0 | AH97: 0 | AI97: 0 | AJ97: 0 | AK97: :
A98: Brown coal briquettes | B98: Inland consumption - calculated | C98: 49108.029 | D98: 28572 | E98: 19271 | F98: 16238 | G98: 13099 | H98: 10457 | I98: 10252.724 | J98: 8378.082 | K98: 6948.818 | L98: 6651.49 | M98: 6789.978 | N98: 6425.461 | O98: 6314.819 | P98: 6318.829 | Q98: 6432.758 | R98: 6782.37 | S98: 7496.306 | T98: 7394.827 | U98: 7430.568 | V98: 6958.07 | W98: 7267.816 | X98: 7369.366 | Y98: 7222.966 | Z98: 8163.745 | AA98: 7745.877 | AB98: 7051.824 | AC98: 7222.429 | AD98: 7186.405 | AE98: 6758.737 | AF98: 6047.567 | AG98: 5502.422 | AH98: 5954.385 | AI98: 5383.206 | AJ98: 4287.091 | AK98: 3953.646
A99: Coal tar | B99: Indigenous production | C99: 475 | D99: 480 | E99: 456 | F99: 427 | G99: 427 | H99: 382 | I99: 404 | J99: 424 | K99: 417 | L99: 404 | M99: 463 | N99: 459 | O99: 691 | P99: 717 | Q99: 1209 | R99: 1152.818 | S99: 1306.818 | T99: 1321.26 | U99: 1277.935 | V99: 955.273 | W99: 1160.437 | X99: 1156.27 | Y99: 1102.153 | Z99: 1092.537 | AA99: 1121.172 | AB99: 1055.882 | AC99: 1090.522 | AD99: 1084.271 | AE99: 1163.509 | AF99: 1089.287 | AG99: 901.006 | AH99: 952.672 | AI99: 927.922 | AJ99: 873.739 | AK99: 798.54
A100: Coal tar | B100: Transfer from other sources | C100: 0 | D100: 0 | E100: 0 | F100: 0 | G100: 0 | H100: 0 | I100: 0 | J100: 0 | K100: 0 | L100: 0 | M100: 0 | N100: 0 | O100: 0 | P100: 0 | Q100: 0 | R100: 0 | S100: 0 | T100: 0 | U100: 0 | V100: 0 | W100: 0 | X100: 0 | Y100: 0 | Z100: 0 | AA100: 0 | AB100: 0 | AC100: 0 | AD100: 0 | AE100: 0 | AF100: 0 | AG100: 0 | AH100: 0 | AI100: 0 | AJ100: 0 | AK100: 0
A101: Coal tar | B101: Imports | C101: 51 | D101: 25 | E101: 23 | F101: 24 | G101: 33 | H101: 59 | I101: 67 | J101: 51 | K101: 63 | L101: 16 | M101: 105 | N101: 145 | O101: 387 | P101: 411 | Q101: 536 | R101: 424.219 | S101: 466.205 | T101: 454.25 | U101: 455.156 | V101: 448.114 | W101: 416.719 | X101: 391.275 | Y101: 464.423 | Z101: 513.341 | AA101: 573.889 | AB101: 595.995 | AC101: 600.864 | AD101: 519.511 | AE101: 520.556 | AF101: 516.022 | AG101: 458.892 | AH101: 458.053 | AI101: 433.187 | AJ101: 416.002 | AK101: 416.344
A102: Coal tar | B102: Exports | C102: 24 | D102: 26 | E102: 31 | F102: 28 | G102: 23 | H102: 28 | I102: 45 | J102: 43 | K102: 41 | L102: 64 | M102: 96 | N102: 107 | O102: 116 | P102: 135 | Q102: 527 | R102: 530.604 | S102: 614.505 | T102: 578.429 | U102: 541.108 | V102: 470.61 | W102: 589 | X102: 560 | Y102: 545 | Z102: 495 | AA102: 535.103 | AB102: 593.185 | AC102: 565.646 | AD102: 562.853 | AE102: 572.877 | AF102: 541.869 | AG102: 465.509 | AH102: 568.028 | AI102: 571.942 | AJ102: 528.038 | AK102: 554.13
A103: Coal tar | B103: Change in stock | C103: -1 | D103: 0 | E103: 1 | F103: 0 | G103: 0 | H103: -1 | I103: 0 | J103: 1 | K103: -1 | L103: 2 | M103: -1 | N103: 0 | O103: 0 | P103: 0 | Q103: -11 | R103: 21.84 | S103: -4.376 | T103: -14.798 | U103: 26.716 | V103: -3.757 | W103: 19.243 | X103: -9.456 | Y103: -5.741 | Z103: 0.979 | AA103: 1.589 | AB103: 11.118 | AC103: -3.21 | AD103: 4.097 | AE103: -12.718 | AF103: 3.535 | AG103: 4.395 | AH103: -18.637 | AI103: 2.037 | AJ103: -2.705 | AK103: 18.613
A104: Coal tar | B104: International maritime bunkers | C104: 0 | D104: 0 | E104: 0 | F104: 0 | G104: 0 | H104: 0 | I104: 0 | J104: 0 | K104: 0 | L104: 0 | M104: 0 | N104: 0 | O104: 0 | P104: 0 | Q104: 0 | R104: 0 | S104: 0 | T104: 0 | U104: 0 | V104: 0 | W104: 0 | X104: 0 | Y104: 0 | Z104: 0 | AA104: 0 | AB104: 0 | AC104: 0 | AD104: 0 | AE104: 0 | AF104: 0 | AG104: 0 | AH104: 0 | AI104: 0 | AJ104: 0 | AK104: :
...

Sheet DATA-GAS
A1: https://ec.europa.eu/eurostat/databrowser/view/NRG_CB_GAS__custom_11896525/default/table?lang=en
A2: Supply, transformation and consumption of gas
A5: Data extracted on 25/06/2025 19:15:15 from [ESTAT]
A6: Dataset: | B6: Supply, transformation and consumption of gas [nrg_cb_gas__custom_17248159]
A7: Last updated: | B7: 24/06/2025 23:00
A9: Time frequency | C9: Annual
A10: Unit of measure | C10: Terajoule (gross calorific value - GCV)
A11: Geopolitical entity (reporting) | C11: European Union - 27 countries (from 2020)
A13: TIME | B13: TIME | C13: 1990 | D13: 1991 | E13: 1992 | F13: 1993 | G13: 1994 | H13: 1995 | I13: 1996 | J13: 1997 | K13: 1998 | L13: 1999 | M13: 2000 | N13: 2001 | O13: 2002 | P13: 2003 | Q13: 2004 | R13: 2005 | S13: 2006 | T13: 2007 | U13: 2008 | V13: 2009 | W13: 2010 | X13: 2011 | Y13: 2012 | Z13: 2013 | AA13: 2014 | AB13: 2015 | AC13: 2016 | AD13: 2017 | AE13: 2018 | AF13: 2019 | AG13: 2020 | AH13: 2021 | AI13: 2022 | AJ13: 2023 | AK13: 2024
A14: SIEC (Labels) | B14: NRG_BAL (Labels)
A15: Manufactured gases | B15: Indigenous production | C15: 1411894.7 | D15: 1269576.1 | E15: 1166082.3 | F15: 1115938.7 | G15: 1117020.2 | H15: 1093373.2 | I15: 1032362.3 | J15: 1048471.4 | K15: 1032699.4 | L15: 921890.21 | M15: 970724.71 | N15: 907063.91 | O15: 911194.84 | P15: 936692.1 | Q15: 959501.85 | R15: 928971.46 | S15: 964932.06 | T15: 986904.5 | U15: 929712.75 | V15: 666126.35 | W15: 850823.39 | X15: 837590.79 | Y15: 827106.21 | Z15: 819499.68 | AA15: 840209.47 | AB15: 844132.62 | AC15: 829030.13 | AD15: 838442.3 | AE15: 828051.63 | AF15: 786074.07 | AG15: 675870.58 | AH15: 753738.78 | AI15: 695597.86 | AJ15: 660223.9 | AK15: 640807.21
A16: Manufactured gases | B16: Transfer from other sources | C16: 53923 | D16: 35622 | E16: 30338 | F16: 27728 | G16: 21990 | H16: 20623 | I16: 19058 | J16: 8739 | K16: 9337 | L16: 8891 | M16: 9456 | N16: 4795 | O16: 4394 | P16: 4158 | Q16: 4941 | R16: 4886 | S16: 4493 | T16: 3847 | U16: 3799 | V16: 3058 | W16: 3104 | X16: 721 | Y16: 278 | Z16: 247 | AA16: 299 | AB16: 573 | AC16: 221 | AD16: 549 | AE16: 701 | AF16: 496 | AG16: 383 | AH16: 33 | AI16: 0 | AJ16: 28 | AK16: 0
A17: Manufactured gases | B17: Imports | C17: 207 | D17: 213 | E17: 204 | F17: 183 | G17: 75 | H17: 0 | I17: 0 | J17: 0 | K17: 0 | L17: 0 | M17: 0 | N17: 0 | O17: 0 | P17: 0 | Q17: 0 | R17: 0 | S17: 0 | T17: 0 | U17: 0 | V17: 0 | W17: 0 | X17: 0 | Y17: 0 | Z17: 0 | AA17: 0 | AB17: 0 | AC17: 0 | AD17: 0 | AE17: 0 | AF17: 0 | AG17: 0 | AH17: 0 | AI17: 0 | AJ17: 0 | AK17: 0
A18: Manufactured gases | B18: Exports | C18: 212 | D18: 216 | E18: 198 | F18: 180 | G18: 0 | H18: 0 | I18: 0 | J18: 0 | K18: 0 | L18: 0 | M18: 0 | N18: 0 | O18: 0 | P18: 0 | Q18: 0 | R18: 0 | S18: 0 | T18: 0 | U18: 0 | V18: 0 | W18: 0 | X18: 0 | Y18: 0 | Z18: 0 | AA18: 0 | AB18: 0 | AC18: 0 | AD18: 0 | AE18: 0 | AF18: 0 | AG18: 0 | AH18: 0 | AI18: 0 | AJ18: 0 | AK18: 0
A19: Manufactured gases | B19: Change in stock | C19: 1794 | D19: 1602 | E19: 3563 | F19: 2486 | G19: 0 | H19: 0 | I19: 2 | J19: 0 | K19: 0 | L19: 0 | M19: 0 | N19: 0 | O19: 0 | P19: 0 | Q19: 0 | R19: 0 | S19: 0 | T19: 0 | U19: 0 | V19: 0 | W19: 0 | X19: 0 | Y19: 0 | Z19: 0 | AA19: 0 | AB19: 0 | AC19: 0 | AD19: 0 | AE19: 0 | AF19: 0 | AG19: 0 | AH19: 0 | AI19: 0 | AJ19: 0 | AK19: 0
A20: Manufactured gases | B20: International maritime bunkers | C20: 0 | D20: 0 | E20: 0 | F20: 0 | G20: 0 | H20: 0 | I20: 0 | J20: 0 | K20: 0 | L20: 0 | M20: 0 | N20: 0 | O20: 0 | P20: 0 | Q20: 0 | R20: 0 | S20: 0 | T20: 0 | U20: 0 | V20: 0 | W20: 0 | X20: 0 | Y20: 0 | Z20: 0 | AA20: 0 | AB20: 0 | AC20: 0 | AD20: 0 | AE20: 0 | AF20: 0 | AG20: 0 | AH20: 0 | AI20: 0 | AJ20: 0 | AK20: :
A21: Manufactured gases | B21: Inland consumption - calculated | C21: 1467606.7 | D21: 1306797.1 | E21: 1199989.3 | F21: 1146155.7 | G21: 1139085.2 | H21: 1113996.2 | I21: 1051422.3 | J21: 1057210.4 | K21: 1042036.4 | L21: 930781.21 | M21: 980180.71 | N21: 911858.91 | O21: 915588.84 | P21: 940850.1 | Q21: 964442.85 | R21: 933857.46 | S21: 969425.06 | T21: 990751.5 | U21: 933511.75 | V21: 669184.35 | W21: 853927.39 | X21: 838311.79 | Y21: 827384.21 | Z21: 819746.68 | AA21: 840508.47 | AB21: 844705.62 | AC21: 829251.13 | AD21: 838991.3 | AE21: 828752.63 | AF21: 786570.07 | AG21: 676253.58 | AH21: 753771.78 | AI21: 695597.86 | AJ21: 660251.9 | AK21: 640807.21
A22: Coke oven gas | B22: Indigenous production | C22: 623526 | D22: 541942.28 | E22: 512077.72 | F22: 475648.83 | G22: 471113.02 | H22: 464061.67 | I22: 447815.13 | J22: 444540.02 | K22: 438591.29 | L22: 373395.16 | M22: 387370.82 | N22: 352465 | O22: 343092.51 | P22: 348306.1 | Q22: 349586.58 | R22: 333940.32 | S22: 353439.45 | T22: 362016.33 | U22: 347307.89 | V22: 261791.03 | W22: 316420.14 | X22: 312988.43 | Y22: 313280.47 | Z22: 307167.28 | AA22: 308776.01 | AB22: 315677.81 | AC22: 312051.97 | AD22: 308086.26 | AE22: 277101.8 | AF22: 266599.74 | AG22: 242473.14 | AH22: 263411.61 | AI22: 247161.21 | AJ22: 242472.7 | AK22: 216582.64
A23: Coke oven gas | B23: Transfer from other sources | C23: 4740 | D23: 5261 | E23: 3816 | F23: 1734 | G23: 109 | H23: 3 | I23: 0 | J23: 0 | K23: 0 | L23: 0 | M23: 0 | N23: 0 | O23: 0 | P23: 0 | Q23: 0 | R23: 0 | S23: 0 | T23: 0 | U23: 0 | V23: 0 | W23: 0 | X23: 0 | Y23: 0 | Z23: 0 | AA23: 0 | AB23: 0 | AC23: 0 | AD23: 0 | AE23: 0 | AF23: 0 | AG23: 0 | AH23: 0 | AI23: 0 | AJ23: 0 | AK23: 0
A24: Coke oven gas | B24: Imports | C24: 0 | D24: 0 | E24: 0 | F24: 0 | G24: 0 | H24: 0 | I24: 0 | J24: 0 | K24: 0 | L24: 0 | M24: 0 | N24: 0 | O24: 0 | P24: 0 | Q24: 0 | R24: 0 | S24: 0 | T24: 0 | U24: 0 | V24: 0 | W24: 0 | X24: 0 | Y24: 0 | Z24: 0 | AA24: 0 | AB24: 0 | AC24: 0 | AD24: 0 | AE24: 0 | AF24: 0 | AG24: 0 | AH24: 0 | AI24: 0 | AJ24: 0 | AK24: 0
A25: Coke oven gas | B25: Exports | C25: 0 | D25: 0 | E25: 0 | F25: 0 | G25: 0 | H25: 0 | I25: 0 | J25: 0 | K25: 0 | L25: 0 | M25: 0 | N25: 0 | O25: 0 | P25: 0 | Q25: 0 | R25: 0 | S25: 0 | T25: 0 | U25: 0 | V25: 0 | W25: 0 | X25: 0 | Y25: 0 | Z25: 0 | AA25: 0 | AB25: 0 | AC25: 0 | AD25: 0 | AE25: 0 | AF25: 0 | AG25: 0 | AH25: 0 | AI25: 0 | AJ25: 0 | AK25: 0
A26: Coke oven gas | B26: Change in stock | C26: 0 | D26: 0 | E26: -1 | F26: 2 | G26: 0 | H26: 0 | I26: 0 | J26: 0 | K26: 0 | L26: 0 | M26: 0 | N26: 0 | O26: 0 | P26: 0 | Q26: 0 | R26: 0 | S26: 0 | T26: 0 | U26: 0 | V26: 0 | W26: 0 | X26: 0 | Y26: 0 | Z26: 0 | AA26: 0 | AB26: 0 | AC26: 0 | AD26: 0 | AE26: 0 | AF26: 0 | AG26: 0 | AH26: 0 | AI26: 0 | AJ26: 0 | AK26: 0
A27: Coke oven gas | B27: International maritime bunkers | C27: 0 | D27: 0 | E27: 0 | F27: 0 | G27: 0 | H27: 0 | I27: 0 | J27: 0 | K27: 0 | L27: 0 | M27: 0 | N27: 0 | O27: 0 | P27: 0 | Q27: 0 | R27: 0 | S27: 0 | T27: 0 | U27: 0 | V27: 0 | W27: 0 | X27: 0 | Y27: 0 | Z27: 0 | AA27: 0 | AB27: 0 | AC27: 0 | AD27: 0 | AE27: 0 | AF27: 0 | AG27: 0 | AH27: 0 | AI27: 0 | AJ27: 0 | AK27: :
A28: Coke oven gas | B28: Inland consumption - calculated | C28: 628266 | D28: 547203.28 | E28: 515892.72 | F28: 477384.83 | G28: 471222.02 | H28: 464064.67 | I28: 447815.13 | J28: 444540.02 | K28: 438591.29 | L28: 373395.16 | M28: 387370.82 | N28: 352465 | O28: 343092.51 | P28: 348306.1 | Q28: 349586.58 | R28: 333940.32 | S28: 353439.45 | T28: 362016.33 | U28: 347307.89 | V28: 261791.03 | W28: 316420.14 | X28: 312988.43 | Y28: 313280.47 | Z28: 307167.28 | AA28: 308776.01 | AB28: 315677.81 | AC28: 312051.97 | AD28: 308086.26 | AE28: 277101.8 | AF28: 266599.74 | AG28: 242473.14 | AH28: 263411.61 | AI28: 247161.21 | AJ28: 242472.7 | AK28: 216582.64
A29: Gas works gas | B29: Indigenous production | C29: 132889.73 | D29: 127251.77 | E29: 95500.583 | F29: 64669.899 | G29: 39401.158 | H29: 26495.525 | I29: 20818.183 | J29: 18980.401 | K29: 15954.111 | L29: 14842.049 | M29: 16620.892 | N29: 16570.914 | O29: 16973.323 | P29: 17887.998 | Q29: 17659.275 | R29: 18637.815 | S29: 19596.088 | T29: 19114.262 | U29: 21077.033 | V29: 20694.579 | W29: 21237.769 | X29: 21397.123 | Y29: 20421.595 | Z29: 19804.012 | AA29: 20473.207 | AB29: 20390.404 | AC29: 18323.191 | AD29: 17333.299 | AE29: 17159.383 | AF29: 15917.089 | AG29: 11968.83 | AH29: 2646.456 | AI29: 2638.007 | AJ29: 2580.204 | AK29: 0
A30: Gas works gas | B30: Transfer from other sources | C30: 49183 | D30: 30361 | E30: 26522 | F30: 25994 | G30: 21881 | H30: 20620 | I30: 19058 | J30: 8739 | K30: 9337 | L30: 8891 | M30: 9456 | N30: 4795 | O30: 4394 | P30: 4158 | Q30: 3945 | R30: 4073 | S30: 3850 | T30: 3244 | U30: 3285 | V30: 2900 | W30: 2506 | X30: 252 | Y30: 146 | Z30: 99 | AA30: 58 | AB30: 15 | AC30: 14 | AD30: 0 | AE30: 0 | AF30: 0 | AG30: 0 | AH30: 0 | AI30: 0 | AJ30: 0 | AK30: 0
A31: Gas works gas | B31: Imports | C31: 207 | D31: 213 | E31: 204 | F31: 183 | G31: 75 | H31: 0 | I31: 0 | J31: 0 | K31: 0 | L31: 0 | M31: 0 | N31: 0 | O31: 0 | P31: 0 | Q31: 0 | R31: 0 | S31: 0 | T31: 0 | U31: 0 | V31: 0 | W31: 0 | X31: 0 | Y31: 0 | Z31: 0 | AA31: 0 | AB31: 0 | AC31: 0 | AD31: 0 | AE31: 0 | AF31: 0 | AG31: 0 | AH31: 0 | AI31: 0 | AJ31: 0 | AK31: 0
A32: Gas works gas | B32: Exports | C32: 212 | D32: 216 | E32: 198 | F32: 180 | G32: 0 | H32: 0 | I32: 0 | J32: 0 | K32: 0 | L32: 0 | M32: 0 | N32: 0 | O32: 0 | P32: 0 | Q32: 0 | R32: 0 | S32: 0 | T32: 0 | U32: 0 | V32: 0 | W32: 0 | X32: 0 | Y32: 0 | Z32: 0 | AA32: 0 | AB32: 0 | AC32: 0 | AD32: 0 | AE32: 0 | AF32: 0 | AG32: 0 | AH32: 0 | AI32: 0 | AJ32: 0 | AK32: 0
A33: Gas works gas | B33: Change in stock | C33: 1794 | D33: 1602 | E33: 3564 | F33: 2484 | G33: 0 | H33: 0 | I33: 2 | J33: 0 | K33: 0 | L33: 0 | M33: 0 | N33: 0 | O33: 0 | P33: 0 | Q33: 0 | R33: 0 | S33: 0 | T33: 0 | U33: 0 | V33: 0 | W33: 0 | X33: 0 | Y33: 0 | Z33: 0 | AA33: 0 | AB33: 0 | AC33: 0 | AD33: 0 | AE33: 0 | AF33: 0 | AG33: 0 | AH33: 0 | AI33: 0 | AJ33: 0 | AK33: 0
A34: Gas works gas | B34: International maritime bunkers | C34: 0 | D34: 0 | E34: 0 | F34: 0 | G34: 0 | H34: 0 | I34: 0 | J34: 0 | K34: 0 | L34: 0 | M34: 0 | N34: 0 | O34: 0 | P34: 0 | Q34: 0 | R34: 0 | S34: 0 | T34: 0 | U34: 0 | V34: 0 | W34: 0 | X34: 0 | Y34: 0 | Z34: 0 | AA34: 0 | AB34: 0 | AC34: 0 | AD34: 0 | AE34: 0 | AF34: 0 | AG34: 0 | AH34: 0 | AI34: 0 | AJ34: 0 | AK34: :
A35: Gas works gas | B35: Inland consumption - calculated | C35: 183861.73 | D35: 159211.77 | E35: 125592.58 | F35: 93150.899 | G35: 61357.158 | H35: 47115.525 | I35: 39878.183 | J35: 27719.401 | K35: 25291.111 | L35: 23733.049 | M35: 26076.892 | N35: 21365.914 | O35: 21367.323 | P35: 22045.998 | Q35: 21604.275 | R35: 22710.815 | S35: 23446.088 | T35: 22358.262 | U35: 24362.033 | V35: 23594.579 | W35: 23743.769 | X35: 21649.123 | Y35: 20567.595 | Z35: 19903.012 | AA35: 20531.207 | AB35: 20405.404 | AC35: 18337.191 | AD35: 17333.299 | AE35: 17159.383 | AF35: 15917.089 | AG35: 11968.83 | AH35: 2646.456 | AI35: 2638.007 | AJ35: 2580.204 | AK35: 0
A36: Blast furnace gas | B36: Indigenous production | C36: 648036 | D36: 592286 | E36: 551126 | F36: 545763 | G36: 580789 | H36: 575457 | I36: 542583 | J36: 562693 | K36: 549634 | L36: 506955 | M36: 538588 | N36: 509895 | O36: 521508 | P36: 529131 | Q36: 548060 | R36: 530551.18 | S36: 546494.81 | T36: 559327.03 | U36: 522087.39 | V36: 350800.66 | W36: 468295.91 | X36: 453053.07 | Y36: 443195.83 | Z36: 441166.75 | AA36: 452035.3 | AB36: 443838.36 | AC36: 435285.71 | AD36: 449671.37 | AE36: 480690.03 | AF36: 451240.37 | AG36: 376361.68 | AH36: 441988.42 | AI36: 400971.52 | AJ36: 373319.18 | AK36: 382849.98
A37: Blast furnace gas | B37: Transfer from other sources | C37: 0 | D37: 0 | E37: 0 | F37: 0 | G37: 0 | H37: 0 | I37: 0 | J37: 0 | K37: 0 | L37: 0 | M37: 0 | N37: 0 | O37: 0 | P37: 0 | Q37: 996 | R37: 813 | S37: 643 | T37: 603 | U37: 514 | V37: 158 | W37: 598 | X37: 469 | Y37: 132 | Z37: 148 | AA37: 241 | AB37: 558 | AC37: 207 | AD37: 549 | AE37: 701 | AF37: 496 | AG37: 383 | AH37: 33 | AI37: 0 | AJ37: 28 | AK37: 0
A38: Blast furnace gas | B38: Imports | C38: 0 | D38: 0 | E38: 0 | F38: 0 | G38: 0 | H38: 0 | I38: 0 | J38: 0 | K38: 0 | L38: 0 | M38: 0 | N38: 0 | O38: 0 | P38: 0 | Q38: 0 | R38: 0 | S38: 0 | T38: 0 | U38: 0 | V38: 0 | W38: 0 | X38: 0 | Y38: 0 | Z38: 0 | AA38: 0 | AB38: 0 | AC38: 0 | AD38: 0 | AE38: 0 | AF38: 0 | AG38: 0 | AH38: 0 | AI38: 0 | AJ38: 0 | AK38: 0
A39: Blast furnace gas | B39: Exports | C39: 0 | D39: 0 | E39: 0 | F39: 0 | G39: 0 | H39: 0 | I39: 0 | J39: 0 | K39: 0 | L39: 0 | M39: 0 | N39: 0 | O39: 0 | P39: 0 | Q39: 0 | R39: 0 | S39: 0 | T39: 0 | U39: 0 | V39: 0 | W39: 0 | X39: 0 | Y39: 0 | Z39: 0 | AA39: 0 | AB39: 0 | AC39: 0 | AD39: 0 | AE39: 0 | AF39: 0 | AG39: 0 | AH39: 0 | AI39: 0 | AJ39: 0 | AK39: 0
A40: Blast furnace gas | B40: Change in stock | C40: 0 | D40: 0 | E40: 0 | F40: 0 | G40: 0 | H40: 0 | I40: 0 | J40: 0 | K40: 0 | L40: 0 | M40: 0 | N40: 0 | O40: 0 | P40: 0 | Q40: 0 | R40: 0 | S40: 0 | T40: 0 | U40: 0 | V40: 0 | W40: 0 | X40: 0 | Y40: 0 | Z40: 0 | AA40: 0 | AB40: 0 | AC40: 0 | AD40: 0 | AE40: 0 | AF40: 0 | AG40: 0 | AH40: 0 | AI40: 0 | AJ40: 0 | AK40: 0
A41: Blast furnace gas | B41: International maritime bunkers | C41: 0 | D41: 0 | E41: 0 | F41: 0 | G41: 0 | H41: 0 | I41: 0 | J41: 0 | K41: 0 | L41: 0 | M41: 0 | N41: 0 | O41: 0 | P41: 0 | Q41: 0 | R41: 0 | S41: 0 | T41: 0 | U41: 0 | V41: 0 | W41: 0 | X41: 0 | Y41: 0 | Z41: 0 | AA41: 0 | AB41: 0 | AC41: 0 | AD41: 0 | AE41: 0 | AF41: 0 | AG41: 0 | AH41: 0 | AI41: 0 | AJ41: 0 | AK41: :
A42: Blast furnace gas | B42: Inland consumption - calculated | C42: 648036 | D42: 592286 | E42: 551126 | F42: 545763 | G42: 580789 | H42: 575457 | I42: 542583 | J42: 562693 | K42: 549634 | L42: 506955 | M42: 538588 | N42: 509895 | O42: 521508 | P42: 529131 | Q42: 549056 | R42: 531364.18 | S42: 547137.81 | T42: 559930.03 | U42: 522601.39 | V42: 350958.66 | W42: 468893.91 | X42: 453522.07 | Y42: 443327.83 | Z42: 441314.75 | AA42: 452276.3 | AB42: 444396.36 | AC42: 435492.71 | AD42: 450220.37 | AE42: 481391.03 | AF42: 451736.37 | AG42: 376744.68 | AH42: 442021.42 | AI42: 400971.52 | AJ42: 373347.18 | AK42: 382849.98
A43: Other recovered gases | B43: Indigenous production | C43: 7443 | D43: 8096 | E43: 7378 | F43: 29857 | G43: 25717 | H43: 27359 | I43: 21146 | J43: 22258 | K43: 28520 | L43: 26698 | M43: 28145 | N43: 28133 | O43: 29621 | P43: 41367 | Q43: 44196 | R43: 45842.147 | S43: 45401.721 | T43: 46446.883 | U43: 39240.439 | V43: 32840.079 | W43: 44869.572 | X43: 50152.161 | Y43: 50208.321 | Z43: 51361.64 | AA43: 58924.948 | AB43: 64226.045 | AC43: 63369.25 | AD43: 63351.364 | AE43: 53100.417 | AF43: 52316.86 | AG43: 45066.936 | AH43: 45692.292 | AI43: 44827.114 | AJ43: 41851.815 | AK43: 41374.59
A44: Other recovered gases | B44: Transfer from other sources | C44: 0 | D44: 0 | E44: 0 | F44: 0 | G44: 0 | H44: 0 | I44: 0 | J44: 0 | K44: 0 | L44: 0 | M44: 0 | N44: 0 | O44: 0 | P44: 0 | Q44: 0 | R44: 0 | S44: 0 | T44: 0 | U44: 0 | V44: 0 | W44: 0 | X44: 0 | Y44: 0 | Z44: 0 | AA44: 0 | AB44: 0 | AC44: 0 | AD44: 0 | AE44: 0 | AF44: 0 | AG44: 0 | AH44: 0 | AI44: 0 | AJ44: 0 | AK44: 0
A45: Other recovered gases | B45: Imports | C45: 0 | D45: 0 | E45: 0 | F45: 0 | G45: 0 | H45: 0 | I45: 0 | J45: 0 | K45: 0 | L45: 0 | M45: 0 | N45: 0 | O45: 0 | P45: 0 | Q45: 0 | R45: 0 | S45: 0 | T45: 0 | U45: 0 | V45: 0 | W45: 0 | X45: 0 | Y45: 0 | Z45: 0 | AA45: 0 | AB45: 0 | AC45: 0 | AD45: 0 | AE45: 0 | AF45: 0 | AG45: 0 | AH45: 0 | AI45: 0 | AJ45: 0 | AK45: 0
A46: Other recovered gases | B46: Exports | C46: 0 | D46: 0 | E46: 0 | F46: 0 | G46: 0 | H46: 0 | I46: 0 | J46: 0 | K46: 0 | L46: 0 | M46: 0 | N46: 0 | O46: 0 | P46: 0 | Q46: 0 | R46: 0 | S46: 0 | T46: 0 | U46: 0 | V46: 0 | W46: 0 | X46: 0 | Y46: 0 | Z46: 0 | AA46: 0 | AB46: 0 | AC46: 0 | AD46: 0 | AE46: 0 | AF46: 0 | AG46: 0 | AH46: 0 | AI46: 0 | AJ46: 0 | AK46: 0
A47: Other recovered gases | B47: Change in stock | C47: 0 | D47: 0 | E47: 0 | F47: 0 | G47: 0 | H47: 0 | I47: 0 | J47: 0 | K47: 0 | L47: 0 | M47: 0 | N47: 0 | O47: 0 | P47: 0 | Q47: 0 | R47: 0 | S47: 0 | T47: 0 | U47: 0 | V47: 0 | W47: 0 | X47: 0 | Y47: 0 | Z47: 0 | AA47: 0 | AB47: 0 | AC47: 0 | AD47: 0 | AE47: 0 | AF47: 0 | AG47: 0 | AH47: 0 | AI47: 0 | AJ47: 0 | AK47: 0
A48: Other recovered gases | B48: International maritime bunkers | C48: 0 | D48: 0 | E48: 0 | F48: 0 | G48: 0 | H48: 0 | I48: 0 | J48: 0 | K48: 0 | L48: 0 | M48: 0 | N48: 0 | O48: 0 | P48: 0 | Q48: 0 | R48: 0 | S48: 0 | T48: 0 | U48: 0 | V48: 0 | W48: 0 | X48: 0 | Y48: 0 | Z48: 0 | AA48: 0 | AB48: 0 | AC48: 0 | AD48: 0 | AE48: 0 | AF48: 0 | AG48: 0 | AH48: 0 | AI48: 0 | AJ48: 0 | AK48: :
A49: Other recovered gases | B49: Inland consumption - calculated | C49: 7443 | D49: 8096 | E49: 7378 | F49: 29857 | G49: 25717 | H49: 27359 | I49: 21146 | J49: 22258 | K49: 28520 | L49: 26698 | M49: 28145 | N49: 28133 | O49: 29621 | P49: 41367 | Q49: 44196 | R49: 45842.147 | S49: 45401.721 | T49: 46446.883 | U49: 39240.439 | V49: 32840.079 | W49: 44869.572 | X49: 50152.161 | Y49: 50208.321 | Z49: 51361.64 | AA49: 58924.948 | AB49: 64226.045 | AC49: 63369.25 | AD49: 63351.364 | AE49: 53100.417 | AF49: 52316.86 | AG49: 45066.936 | AH49: 45692.292 | AI49: 44827.114 | AJ49: 41851.815 | AK49: 41374.59
A50: Natural gas | B50: Indigenous production | C50: 5725098 | D50: 5979866 | E50: 5898039 | F50: 6029503 | G50: 5822606 | H50: 5920883 | I50: 6328682 | J50: 5846591 | K50: 5584535 | L50: 5354811 | M50: 5220993 | N50: 5323894.2 | O50: 5254446 | P50: 5063205 | Q50: 5489832 | R50: 5169244.8 | S50: 5139797.1 | T50: 4892409.5 | U50: 5139129.8 | V50: 4800481.7 | W50: 5094121.4 | X50: 4785671.8 | Y50: 4624287.4 | Z50: 4626964 | AA50: 3994521.2 | AB50: 3367206.4 | AC50: 3323484.4 | AD50: 3094574.7 | AE50: 2756147.1 | AF50: 2423437.7 | AG50: 1914794 | AH50: 1761550.3 | AI50: 1620697.5 | AJ50: 1361966.1 | AK50: 1293679.9
A51: Natural gas | B51: Transfer from other sources | C51: 112 | D51: 190 | E51: 540 | F51: 513 | G51: 452 | H51: 443 | I51: 436 | J51: 418 | K51: 472 | L51: 570 | M51: 610 | N51: 536 | O51: 460 | P51: 351 | Q51: 484 | R51: 496 | S51: 998 | T51: 1300 | U51: 1722 | V51: 1712 | W51: 1443 | X51: 2253.551 | Y51: 3355.59 | Z51: 4632.122 | AA51: 6044.981 | AB51: 6148.511 | AC51: 9315.181 | AD51: 13640.648 | AE51: 17939.227 | AF51: 25399.144 | AG51: 38526.52 | AH51: 94350.95 | AI51: 113138.93 | AJ51: 132387.2 | AK51: 148226.98
A52: Natural gas | B52: Imports | C52: 7340172 | D52: 7405209 | E52: 7421083 | F52: 7325710 | G52: 7481530 | H52: 8311680 | I52: 9306711 | J52: 9370018 | K52: 9596795 | L52: 10445871 | M52: 11184041 | N52: 11398436 | O52: 12227979 | P52: 12947551 | Q52: 13452354 | R52: 14396055 | S52: 14652478 | T52: 14010159 | U52: 14718571 | V52: 13950899 | W52: 14699015 | X52: 14376698 | Y52: 13912898 | Z52: 14085051 | AA52: 13097687 | AB52: 13777936 | AC52: 14185279 | AD52: 14919522 | AE52: 13856329 | AF52: 15517168 | AG52: 13933711 | AH52: 14441689 | AI52: 15607786 | AJ52: 13916864 | AK52: 12940407
A53: Natural gas | B53: Exports | C53: 1316166 | D53: 1475059 | E53: 1590241 | F53: 1617983 | G53: 1528395 | H53: 1569441 | I53: 1871651 | J53: 1741608 | K53: 1602744 | L53: 1622745 | M53: 1749197 | N53: 2104241.2 | O53: 2238035 | P53: 2339123 | Q53: 2659430 | R53: 2854217 | S53: 2752356 | T53: 2735194 | U53: 2998366 | V53: 2849929 | W53: 3263611 | X53: 3266217.1 | Y53: 3368303.2 | Z53: 3879001.9 | AA53: 3614725.8 | AB53: 3519692.9 | AC53: 3153567.8 | AD53: 2577885.4 | AE53: 1277490.3 | AF53: 1539094.1 | AG53: 1228477 | AH53: 1241603.7 | AI53: 2247613 | AJ53: 2491951.7 | AK53: 2092109.7
A54: Natural gas | B54: Change in stock | C54: -128719 | D54: -8297 | E54: -227071 | F54: -28277 | G54: -190867 | H54: -76855 | I54: -108534 | J54: -182851 | K54: 99947 | L54: -191822 | M54: -299858 | N54: 252306 | O54: -267088 | P54: 80972 | Q54: -117151.12 | R54: 20413.878 | S54: -315927.36 | T54: 253644.7 | U54: -147828.61 | V54: -194347.39 | W54: 347322.53 | X54: -383138.78 | Y54: 60374.5 | Z54: 115552.05 | AA54: -290056.2 | AB54: 146296.74 | AC54: 220218.27 | AD54: -43192.584 | AE54: -228404.95 | AF54: -814437.17 | AG54: 578510.92 | AH54: 818154.36 | AI54: -1293949.6 | AJ54: -91658.455 | AK54: 583653.61
A55: Natural gas | B55: International maritime bunkers | C55: 0 | D55: 0 | E55: 0 | F55: 0 | G55: 0 | H55: 0 | I55: 0 | J55: 0 | K55: 0 | L55: 0 | M55: 0 | N55: 0 | O55: 0 | P55: 0 | Q55: 0 | R55: 0 | S55: 0 | T55: 0 | U55: 0 | V55: 0 | W55: 0 | X55: 0 | Y55: 0 | Z55: 14.631 | AA55: 24.338 | AB55: 252.211 | AC55: 87.342 | AD55: 2330.162 | AE55: 3050.437 | AF55: 6673.813 | AG55: 8410.056 | AH55: 12304.79 | AI55: 7177.079 | AJ55: 20214.958 | AK55: 37536.279
A56: Natural gas | B56: Inland consumption - calculated | C56: 11620497 | D56: 11901909 | E56: 11502350 | F56: 11709466 | G56: 11585326 | H56: 12586710 | I56: 13655644 | J56: 13292568 | K56: 13679005 | L56: 13986685 | M56: 14356589 | N56: 14870931 | O56: 14977762 | P56: 15752956 | Q56: 16166089 | R56: 16731993 | S56: 16634396 | T56: 16422319 | U56: 16715242 | V56: 15708816 | W56: 16878291 | X56: 15515268 | Y56: 15207866 | Z56: 14946549 | AA56: 13186744 | AB56: 13773201 | AC56: 14579727 | AD56: 15402817 | AE56: 15121470 | AF56: 15605800 | AG56: 15228655 | AH56: 15848814 | AI56: 13804329 | AJ56: 12795757 | AK56: 12836321
A58: Special value
A59: : | B59: not available

Sheet DATA-ELE
A1: https://ec.europa.eu/eurostat/databrowser/view/NRG_IND_PEHNF__custom_11896696/default/table?lang=en
A2: Gross production of electricity and derived heat from non-combustible fuels by type of plant and operator
A4: Data extracted on 25/06/2025 19:21:37 from [ESTAT]
A5: Dataset: | B5: Gross production of electricity and derived heat from non-combustible fuels by type of plant and operator [nrg_ind_pehnf__custom_17248230]
A6: Last updated: | B6: 24/06/2025 23:00
A8: Time frequency | C8: Annual
A9: Type of plant | C9: Total
A10: Operator/Trader | C10: Total
A11: Energy balance | C11: Gross electricity production
A12: Unit of measure | C12: Gigawatt-hour
A13: Geopolitical entity (reporting) | C13: European Union - 27 countries (from 2020)
A15: TIME | B15: 1990 | C15: 1991 | D15: 1992 | E15: 1993 | F15: 1994 | G15: 1995 | H15: 1996 | I15: 1997 | J15: 1998 | K15: 1999 | L15: 2000 | M15: 2001 | N15: 2002 | O15: 2003 | P15: 2004 | Q15: 2005 | R15: 2006 | S15: 2007 | T15: 2008 | U15: 2009 | V15: 2010 | W15: 2011 | X15: 2012 | Y15: 2013 | Z15: 2014 | AA15: 2015 | AB15: 2016 | AC15: 2017 | AD15: 2018 | AE15: 2019 | AF15: 2020 | AG15: 2021 | AH15: 2022 | AI15: 2023 | AJ15: 2024
A16: SIEC (Labels)
A17: Hydro | B17: 301519.43 | C17: 315577.21 | D17: 329216.27 | E17: 335170.81 | F17: 344256.77 | G17: 346647.1 | H17: 350539.75 | I17: 353614.08 | J17: 367473.35 | K17: 367247.53 | L17: 379103.37 | M17: 401998.19 | N17: 345681.98 | O17: 335722.3 | P17: 355268.46 | Q17: 340546.18 | R17: 342707.54 | S17: 338894.13 | T17: 354878.27 | U17: 357662.57 | V17: 401279.58 | W17: 332848.8 | X17: 359551.4 | Y17: 396650.78 | Z17: 398608.49 | AA17: 363237.63 | AB17: 372711.2 | AC17: 322463.41 | AD17: 370234.44 | AE17: 345641.67 | AF17: 375485.65 | AG17: 374977.58 | AH17: 307441.55 | AI17: 361023.54 | AJ17: 402894.21
A18: Pure hydro power | B18: 271139.95 | C18: 283613.67 | D18: 298420.14 | E18: 304436.35 | F18: 312893.7 | G18: 313284.98 | H18: 312553.5 | I18: 317739.82 | J18: 328064.63 | K18: 328092.84 | L18: 337658.02 | M18: 354436.8 | N18: 301749.44 | O18: 288972.17 | P18: 308854.72 | Q18: 295997.08 | R18: 297964.01 | S18: 294584.3 | T18: 313054.88 | U18: 315702.42 | V18: 354325.37 | W18: 293410.83 | X18: 316879.44 | Y18: 350061.88 | Z18: 352851.32 | AA18: 321469.27 | AB18: 327996.06 | AC18: 281812.51 | AD18: 326818.54 | AE18: 306476.88 | AF18: 331707.81 | AG18: 330886.28 | AH18: 265425.68 | AI18: 315193.81 | AJ18: 350395.84
A19: Run-of-river hydro power | B19: 14736.598 | C19: 14806.452 | D19: 10331.407 | E19: 12627.334 | F19: 14478.11 | G19: 12128.583 | H19: 16475.34 | I19: 15925.808 | J19: 17423.643 | K19: 13074.426 | L19: 31039.054 | M19: 33592.965 | N19: 28464.795 | O19: 47407.113 | P19: 51148.281 | Q19: 71192.18 | R19: 74361.171 | S19: 74893.275 | T19: 77595.218 | U19: 82408.65 | V19: 87650.677 | W19: 75907.109 | X19: 82173.652 | Y19: 90716.719 | Z19: 92378.242 | AA19: 77725.11 | AB19: 85343.82 | AC19: 77013.641 | AD19: 81374.036 | AE19: 82454.449 | AF19: 86873.058 | AG19: 83550.378 | AH19: 66813.907 | AI19: 84507.803 | AJ19: :
A20: Mixed hydro power | B20: 16730.68 | C20: 16426.483 | D20: 14803.556 | E20: 16069.409 | F20: 17419.261 | G20: 17155.923 | H20: 19440.317 | I20: 18617.242 | J20: 19812.794 | K20: 19024.978 | L20: 19865.114 | M20: 26503.244 | N20: 20226.834 | O20: 24485.346 | P20: 22949.437 | Q20: 20095.583 | R20: 20912.484 | S20: 21187.197 | T20: 20532.041 | U20: 20844.203 | V20: 24870.063 | W20: 22409.665 | X20: 24572.026 | Y20: 27960.125 | Z20: 27336.926 | AA20: 23894.97 | AB20: 26917.57 | AC20: 22719.98 | AD20: 27043.575 | AE20: 23275.739 | AF20: 25837.969 | AG20: 27914.648 | AH20: 23336.529 | AI20: 27543.957 | AJ20: 32939.65
A21: Mixed hydro power - pumping | B21: 4234.003 | C21: 4437.288 | D21: 5546.722 | E21: 4742.717 | F21: 4488.26 | G21: 5213.388 | H21: 4812.387 | I21: 4606.219 | J21: 4937.325 | K21: 6298.971 | L21: 7344.935 | M21: 7531.974 | N21: 9379.453 | O21: 8814.084 | P21: 8613.123 | Q21: 9097.691 | R21: 8901.9 | S21: 8072.575 | T21: 7988.613 | U21: 7550.527 | V21: 7378.756 | W21: 8399.122 | X21: 9782.843 | Y21: 10012.635 | Z21: 10144.785 | AA21: 9381.881 | AB21: 9326.948 | AC21: 10186.521 | AD21: 9980.687 | AE21: 9494.13 | AF21: 10366.528 | AG21: 10354.55 | AH21: 12606.737 | AI21: 12884.157 | AJ21: 14685.844
A22: Pumped hydro power | B22: 13642.11 | C22: 15526.284 | D22: 15986.627 | E22: 14659.094 | F22: 13936.375 | G22: 16201.021 | H22: 18540.069 | I22: 17249.984 | J22: 19590.5 | K22: 20121.169 | L22: 21574.664 | M22: 21052.606 | N22: 23697.237 | O22: 22251.601 | P22: 23446.406 | Q22: 24437.127 | R22: 23817.42 | S22: 23115.841 | T22: 21286.414 | U22: 21111.261 | V22: 22075.637 | W22: 17024.021 | X22: 18095.307 | Y22: 18623.801 | Z22: 18413.728 | AA22: 17867.254 | AB22: 17791.024 | AC22: 17930.925 | AD22: 16372.319 | AE22: 15889.054 | AF22: 17939.869 | AG22: 16176.65 | AH22: 18678.653 | AI22: 18285.773 | AJ22: 19558.711
A23: Geothermal | B23: 3226 | C23: 3187 | D23: 3464 | E23: 3671 | F23: 3450 | G23: 3478 | H23: 3811 | I23: 3956 | J23: 4272 | K23: 4483 | L23: 4785 | M23: 4612 | N23: 4760.965 | O23: 5433.965 | P23: 5523.469 | Q23: 5397.673 | R23: 5615.65 | S23: 5772.528 | T23: 5731.578 | U23: 5546.27 | V23: 5602.409 | W23: 5946.971 | X23: 5820.339 | Y23: 6026.268 | Z23: 6303.352 | AA23: 6613.642 | AB23: 6732.88 | AC23: 6715.039 | AD23: 6654.991 | AE23: 6725.806 | AF23: 6717.256 | AG23: 6538.375 | AH23: 6427.79 | AI23: 6260.122 | AJ23: 6204.12
A24: Wind | B24: 769.272 | C24: 1085.49 | D24: 1517.573 | E24: 2137.653 | F24: 3151.337 | G24: 3677.149 | H24: 4388.685 | I24: 6693.733 | J24: 10399.518 | K24: 13355.739 | L24: 21280.039 | M24: 25744.024 | N24: 35068.957 | O24: 43314.85 | P24: 57537.557 | Q24: 68113.045 | R24: 78738.128 | S24: 99939.937 | T24: 113274.84 | U24: 124604.98 | V24: 139892.79 | W24: 165426.11 | X24: 187535.31 | Y24: 209560.27 | Z24: 222441.58 | AA24: 263313.24 | AB24: 266916.12 | AC24: 312436.08 | AD24: 320758.66 | AE24: 367283.27 | AF24: 398173.55 | AG24: 386958.79 | AH24: 421853.05 | AI24: 478096.61 | AJ24: 487567.04
A25: Wind on shore | B25: 79 | C25: 114 | D25: 268.083 | E25: 321.249 | F25: 455.333 | G25: 633.691 | H25: 868.618 | I25: 1415.176 | J25: 2435.573 | K25: 4051.239 | L25: 6500.245 | M25: 9257.427 | N25: 12315.73 | O25: 34824.881 | P25: 47486.979 | Q25: 57437.259 | R25: 65708.935 | S25: 82426.851 | T25: 93987.682 | U25: 101145.3 | V25: 116090.44 | W25: 157159.39 | X25: 177327.86 | Y25: 195574.41 | Z25: 204597.85 | AA25: 237160.14 | AB25: 236670.12 | AC25: 282210.7 | AD25: 288806.16 | AE25: 327066.44 | AF25: 350788.11 | AG25: 339104.14 | AH25: 371659.56 | AI25: 423040.99 | AJ25: 424011.77
A26: Wind off shore | B26: 0 | C26: 0 | D26: 0 | E26: 0 | F26: 0 | G26: 0 | H26: 0 | I26: 0 | J26: 0 | K26: 0 | L26: 0 | M26: 0 | N26: 0 | O26: 0 | P26: 56 | Q26: 62 | R26: 123.202 | S26: 436.549 | T26: 962.974 | U26: 1236.8 | V26: 4160.274 | W26: 6010.544 | X26: 6346.678 | Y26: 8092.138 | Z26: 10312.24 | AA26: 17638.658 | AB26: 22231.03 | AC26: 30225.382 | AD26: 31952.494 | AE26: 40216.837 | AF26: 47385.439 | AG26: 47854.649 | AH26: 50193.491 | AI26: 55055.613 | AJ26: 63555.249
A27: Solar thermal | B27: 0 | C27: 0 | D27: 0 | E27: 0 | F27: 0 | G27: 0 | H27: 0 | I27: 0 | J27: 0 | K27: 0 | L27: 0 | M27: 0 | N27: 0 | O27: 0 | P27: 0 | Q27: 0 | R27: 0 | S27: 8.01 | T27: 16.147 | U27: 103 | V27: 761.2 | W27: 1959 | X27: 3775.043 | Y27: 4769.747 | Z27: 5454.806 | AA27: 5593.237 | AB27: 5579.2 | AC27: 5883 | AD27: 4867 | AE27: 5683 | AF27: 4992 | AG27: 5176 | AH27: 4536 | AI27: 5165 | AJ27: 4540.03
A28: Solar photovoltaic | B28: 15.875 | C28: 19.15 | D28: 28.11 | E28: 31.212 | F28: 38.071 | G28: 45.96 | H28: 51.28 | I28: 61.44 | J28: 84.515 | K28: 86.961 | L28: 113.22 | M28: 180.502 | N28: 266.236 | O28: 415.335 | P28: 690.913 | Q28: 1458.688 | R28: 2489.47 | S28: 3766.517 | T28: 7421.474 | U28: 14000.981 | V28: 22486.763 | W28: 45372.833 | X28: 66372.064 | Y28: 79361.983 | Z28: 88717.234 | AA28: 95262.005 | AB28: 95456.117 | AC28: 102050.21 | AD28: 108079.16 | AE28: 118010.74 | AF28: 139804.46 | AG28: 159074.43 | AH28: 206036.96 | AI28: 246974.42 | AJ28: 295280.45
A29: Solar photovoltaic (< 20 kW) | B29: 0 | C29: 0 | D29: 0 | E29: 0 | F29: 0 | G29: 0 | H29: 0 | I29: 0 | J29: 0 | K29: 0 | L29: 0 | M29: 0 | N29: 0 | O29: 0 | P29: 0 | Q29: 0 | R29: 0 | S29: 0 | T29: 0 | U29: 80.949 | V29: 561.08 | W29: 1671.529 | X29: 2489.319 | Y29: 3430.023 | Z29: 3774.716 | AA29: 4119.152 | AB29: 4235.777 | AC29: 5493.318 | AD29: 4800.46 | AE29: 5261.441 | AF29: 5824.331 | AG29: 27.4 | AH29: : | AI29: : | AJ29: :
A30: Solar photovoltaic (20 kW - 1000 kW) | B30: 0 | C30: 0 | D30: 0 | E30: 0 | F30: 0 | G30: 0 | H30: 0 | I30: 0 | J30: 0 | K30: 0 | L30: 0 | M30: 0 | N30: 0 | O30: 0 | P30: 0 | Q30: 0 | R30: 0 | S30: 0 | T30: 0 | U30: 69.888 | V30: 1116.127 | W30: 6495.974 | X30: 11605.049 | Y30: 12774.382 | Z30: 13087.482 | AA30: 13496.243 | AB30: 13054.194 | AC30: 16721.363 | AD30: 13640.911 | AE30: 15095.34 | AF30: 17272.169 | AG30: 113.4 | AH30: : | AI30: : | AJ30: :
A31: Solar photovoltaic (1+ MW) | B31: 0 | C31: 0 | D31: 0 | E31: 0 | F31: 0 | G31: 0 | H31: 0 | I31: 0 | J31: 0 | K31: 0 | L31: 0 | M31: 2 | N31: 2 | O31: 1 | P31: 1 | Q31: 1 | R31: 1 | S31: 1 | T31: 343 | U31: 827.171 | V31: 1446.054 | W31: 5149.574 | X31: 8739.738 | Y31: 9888.287 | Z31: 10865.55 | AA31: 12064.156 | AB31: 12366.934 | AC31: 14790.662 | AD31: 16676.608 | AE31: 21477.495 | AF31: 29417.46 | AG31: 53268.634 | AH31: 72980.595 | AI31: 89796.164 | AJ31: :
A32: Solar photovoltaic (off grid) | B32: 0 | C32: 0 | D32: 0 | E32: 0 | F32: 0 | G32: 0 | H32: 0 | I32: 0 | J32: 0 | K32: 0 | L32: 0 | M32: 0 | N32: 0 | O32: 0 | P32: 0 | Q32: 0 | R32: 0 | S32: 0 | T32: 0 | U32: 0 | V32: 0 | W32: 0 | X32: 0 | Y32: 0 | Z32: 0 | AA32: 0 | AB32: 0 | AC32: 0 | AD32: 0 | AE32: 0 | AF32: 0 | AG32: 0 | AH32: : | AI32: : | AJ32: :
A33: Tide, wave, ocean | B33: 502.673 | C33: 517.295 | D33: 516.228 | E33: 494.244 | F33: 501.384 | G33: 507.416 | H33: 490.651 | I33: 509.514 | J33: 521.693 | K33: 514.993 | L33: 507.307 | M33: 484.933 | N33: 494.433 | O33: 490.368 | P33: 470.176 | Q33: 480.895 | R33: 464.265 | S33: 465.292 | T33: 465.119 | U33: 448.197 | V33: 476.397 | W33: 477.278 | X33: 457.989 | Y33: 413.574 | Z33: 480.533 | AA33: 487.445 | AB33: 500.561 | AC33: 521.712 | AD33: 479.93 | AE33: 498.964 | AF33: 508.764 | AG33: 502.791 | AH33: 513.478 | AI33: 461.277 | AJ33: 467.65
A34: Ambient heat (heat pumps) | B34: : | C34: : | D34: : | E34: : | F34: : | G34: : | H34: : | I34: : | J34: : | K34: : | L34: : | M34: : | N34: : | O34: : | P34: : | Q34: : | R34: : | S34: : | T34: : | U34: : | V34: : | W34: : | X34: : | Y34: : | Z34: : | AA34: : | AB34: : | AC34: : | AD34: : | AE34: : | AF34: : | AG34: : | AH34: : | AI34: : | AJ34: :
A35: Nuclear fuels and other fuels n.e.c. | B35: 729114 | C35: 749292 | D35: 750516 | E35: 772820 | F35: 770442 | G35: 791857 | H35: 831268 | I35: 839476 | J35: 833365 | K35: 848251 | L35: 859930 | M35: 888892 | N35: 902348 | O35: 907174 | P35: 928438 | Q35: 916081 | R35: 914426 | S35: 872249 | T35: 884729 | U35: 824912 | V35: 854470 | W35: 837768.76 | X35: 811961.02 | Y35: 806222.67 | Z35: 812550.01 | AA35: 786675.85 | AB35: 767958.76 | AC35: 759382.64 | AD35: 761943.05 | AE35: 765337.86 | AF35: 683512.15 | AG35: 731700.79 | AH35: 609255.5 | AI35: 619601.31 | AJ35: 649262.86
A36: Electricity | B36: : | C36: : | D36: : | E36: : | F36: : | G36: : | H36: : | I36: : | J36: : | K36: : | L36: : | M36: : | N36: : | O36: : | P36: : | Q36: : | R36: : | S36: : | T36: : | U36: : | V36: : | W36: : | X36: : | Y36: : | Z36: : | AA36: : | AB36: : | AC36: : | AD36: : | AE36: : | AF36: : | AG36: : | AH36: : | AI36: : | AJ36: :
A37: Other fuels n.e.c. - heat from chemical sources | B37: 38 | C37: 34 | D37: 17 | E37: 17 | F37: 22 | G37: 29 | H37: 34 | I37: 44 | J37: 52 | K37: 60 | L37: 300 | M37: 265 | N37: 393 | O37: 431 | P37: 501 | Q37: 773.989 | R37: 778.263 | S37: 796.518 | T37: 899.056 | U37: 639.77 | V37: 873.933 | W37: 899.284 | X37: 907.184 | Y37: 1053.4 | Z37: 1112.201 | AA37: 1110.577 | AB37: 1160.373 | AC37: 1172.296 | AD37: 1099.28 | AE37: 1038.497 | AF37: 1088.755 | AG37: 1104.548 | AH37: 829.414 | AI37: 677.437 | AJ37: 607.158
A38: Other fuels n.e.c. | B38: 174 | C38: 121 | D38: 520 | E38: 567 | F38: 521 | G38: 678 | H38: 615 | I38: 962 | J38: 977 | K38: 874 | L38: 1072 | M38: 1099 | N38: 1029 | O38: 3191 | P38: 6309 | Q38: 9560.6 | R38: 5360 | S38: 4204.8 | T38: 3745.7 | U38: 3325 | V38: 3499.8 | W38: 4284.209 | X38: 3866.864 | Y38: 3546.019 | Z38: 3741.408 | AA38: 4870.77 | AB38: 4953.551 | AC38: 5233.613 | AD38: 3919.559 | AE38: 3824.86 | AF38: 3732.929 | AG38: 3926.388 | AH38: 3691.341 | AI38: 5328.017 | AJ38: 4495.907
A40: Special value
A41: : | B41: not available
A45: https://ec.europa.eu/eurostat/databrowser/view/NRG_IND_PEHCF__custom_11896838/default/table?lang=en
A46: Gross production of electricity and derived heat from combustible fuels by type of plant and operator
A48: Data extracted on 25/06/2025 19:27:50 from [ESTAT]
A49: Dataset: | B49: Gross production of electricity and derived heat from combustible fuels by type of plant and operator [nrg_ind_pehcf__custom_17248304]
A50: Last updated: | B50: 24/06/2025 23:00
A52: Time frequency | C52: Annual
A53: Type of plant | C53: Total
A54: Operator/Trader | C54: Total
A55: Energy balance | C55: Gross electricity production
A56: Unit of measure | C56: Gigawatt-hour
A57: Geopolitical entity (reporting) | C57: European Union - 27 countries (from 2020)
A59: TIME | B59: 1990 | C59: 1991 | D59: 1992 | E59: 1993 | F59: 1994 | G59: 1995 | H59: 1996 | I59: 1997 | J59: 1998 | K59: 1999 | L59: 2000 | M59: 2001 | N59: 2002 | O59: 2003 | P59: 2004 | Q59: 2005 | R59: 2006 | S59: 2007 | T59: 2008 | U59: 2009 | V59: 2010 | W59: 2011 | X59: 2012 | Y59: 2013 | Z59: 2014 | AA59: 2015 | AB59: 2016 | AC59: 2017 | AD59: 2018 | AE59: 2019 | AF59: 2020 | AG59: 2021 | AH59: 2022 | AI59: 2023 | AJ59: 2024
A60: SIEC (Labels)
A61: Anthracite | B61: 0 | C61: 0 | D61: 0 | E61: 0 | F61: 0 | G61: 0 | H61: 0 | I61: 0 | J61: 0 | K61: 0 | L61: 0 | M61: 0 | N61: 0 | O61: 7249 | P61: 19018 | Q61: 18184 | R61: 15389.174 | S61: 18495.174 | T61: 16686 | U61: 12716 | V61: 10494 | W61: 18384 | X61: 16987 | Y61: 11102 | Z61: 12531 | AA61: 12238 | AB61: 4878 | AC61: 4103.095 | AD61: 4013 | AE61: 680 | AF61: 715 | AG61: 635.663 | AH61: 609.501 | AI61: 265.161 | AJ61: 235.563
A62: Coking coal | B62: 52696 | C62: 54763 | D62: 49124 | E62: 55444 | F62: 59097 | G62: 59159 | H62: 50570 | I62: 47858 | J62: 46376 | K62: 45327 | L62: 37874 | M62: 35142 | N62: 37020 | O62: 40232 | P62: 41321 | Q62: 37230 | R62: 34552 | S62: 37871 | T62: 29654 | U62: 20950 | V62: 16232 | W62: 18570 | X62: 24142 | Y62: 5338 | Z62: 9440 | AA62: 1073 | AB62: 8638 | AC62: 11163.793 | AD62: 8804.897 | AE62: 12.552 | AF62: 81.09 | AG62: 64.119 | AH62: 2247.714 | AI62: 4853 | AJ62: 3917
A63: Other bituminous coal | B63: 394390 | C63: 406651 | D63: 379968 | E63: 357200 | F63: 367905 | G63: 384863 | H63: 408166.5 | I63: 384395 | J63: 398170 | K63: 388208 | L63: 411018 | M63: 402964 | N63: 416136 | O63: 440687 | P63: 417580 | Q63: 403718.65 | R63: 423363.82 | S63: 420707.24 | T63: 369868.05 | U63: 344744.83 | V63: 355200.14 | W63: 346998.8 | X63: 357037.67 | Y63: 382364.6 | Z63: 347941.87 | AA63: 370703.06 | AB63: 340927.7 | AC63: 316242.82 | AD63: 286489 | AE63: 205412.81 | AF63: 154120.57 | AG63: 189936.19 | AH63: 202618.78 | AI63: 134292.77 | AJ63: 104073.6
A64: Sub-bituminous coal | B64: 7679 | C64: 10916 | D64: 10195 | E64: 10248 | F64: 10328 | G64: 10640 | H64: 9598 | I64: 8418 | J64: 6332 | K64: 5849 | L64: 6380 | M64: 4818 | N64: 5934 | O64: 5061 | P64: 6155 | Q64: 5771 | R64: 5262 | S64: 6640 | T64: 4227 | U64: 4263 | V64: 3378 | W64: 5631 | X64: 5292 | Y64: 4076 | Z64: 4613 | AA64: 4722 | AB64: 2634 | AC64: 3170.103 | AD64: 2393.87 | AE64: 1553.695 | AF64: 572.088 | AG64: 388.8 | AH64: 367.428 | AI64: 484.036 | AJ64: 316.249
A65: Lignite | B65: 337807 | C65: 321401 | D65: 326170 | E65: 324983 | F65: 321986 | G65: 320479 | H65: 323794 | I65: 323604 | J65: 321965 | K65: 318413 | L65: 344081 | M65: 348959 | N65: 354183 | O65: 353416 | P65: 349221 | Q65: 341162.58 | R65: 335090.05 | S65: 341578 | T65: 333265 | U65: 318172 | V65: 313437 | W65: 333068 | X65: 336840 | Y65: 323122.6 | Z65: 315467 | AA65: 313662 | AB65: 299424 | AC65: 301921.18 | AD65: 291771.3 | AE65: 241438.58 | AF65: 195400.73 | AG65: 226632.54 | AH65: 241291.41 | AI65: 178498.9 | AJ65: 163546.54
A66: Coke oven coke | B66: 837 | C66: 0 | D66: 0 | E66: 0 | F66: 0 | G66: 0 | H66: 0 | I66: 0 | J66: 0 | K66: 0 | L66: 0 | M66: 0 | N66: 8 | O66: 104 | P66: 165 | Q66: 0 | R66: 6 | S66: 68 | T66: 10 | U66: 17 | V66: 2 | W66: 4 | X66: 3 | Y66: 2 | Z66: 2 | AA66: 1 | AB66: 0 | AC66: 0 | AD66: 0.016 | AE66: 0 | AF66: 0 | AG66: 8 | AH66: 11 | AI66: 8 | AJ66: 8
A67: Gas coke | B67: 0 | C67: 0 | D67: 0 | E67: 0 | F67: 0 | G67: 0 | H67: 0 | I67: 0 | J67: 0 | K67: 0 | L67: 0 | M67: 0 | N67: 0 | O67: 0 | P67: 0 | Q67: 0 | R67: 0 | S67: 0 | T67: 0 | U67: 0 | V67: 0 | W67: 0 | X67: 0 | Y67: 0 | Z67: 0 | AA67: 0 | AB67: 0 | AC67: 0 | AD67: 0 | AE67: 0 | AF67: 0 | AG67: 0 | AH67: 0 | AI67: 0 | AJ67: 0
A68: Patent fuel | B68: 0 | C68: 0 | D68: 0 | E68: 0 | F68: 0 | G68: 0 | H68: 0 | I68: 0 | J68: 0 | K68: 0 | L68: 0 | M68: 0 | N68: 4 | O68: 0 | P68: 0 | Q68: 0 | R68: 0 | S68: 0 | T68: 14 | U68: 0 | V68: 0 | W68: 0 | X68: 0 | Y68: 0 | Z68: 0 | AA68: 0 | AB68: 0 | AC68: 0 | AD68: 0 | AE68: 0 | AF68: 0 | AG68: 0 | AH68: 0 | AI68: 0 | AJ68: 0
A69: Brown coal briquettes | B69: 1510 | C69: 697 | D69: 1492 | E69: 820 | F69: 995 | G69: 765 | H69: 518 | I69: 433 | J69: 498 | K69: 885 | L69: 923 | M69: 968 | N69: 950 | O69: 2276 | P69: 2005 | Q69: 2716 | R69: 2775 | S69: 3388 | T69: 3299 | U69: 2694 | V69: 2464 | W69: 2167 | X69: 2411 | Y69: 2924 | Z69: 2766 | AA69: 2616 | AB69: 2631 | AC69: 2328.993 | AD69: 2131.95 | AE69: 1799.37 | AF69: 1509.88 | AG69: 1509.244 | AH69: 1401.905 | AI69: 830.516 | AJ69: 965.327
A70: Coal tar | B70: 0 | C70: 0 | D70: 0 | E70: 0 | F70: 0 | G70: 0 | H70: 0 | I70: 100 | J70: 154 | K70: 85 | L70: 64 | M70: 55 | N70: 119 | O70: 119 | P70: 106 | Q70: 100 | R70: 61 | S70: 58 | T70: 30 | U70: 18 | V70: 23 | W70: 4 | X70: 2 | Y70: 1 | Z70: 8 | AA70: 14 | AB70: 17 | AC70: 8.427 | AD70: 10.99 | AE70: 14.785 | AF70: 17.598 | AG70: 8.318 | AH70: 7.87 | AI70: 11.304 | AJ70: 8.58
A71: Coke oven gas | B71: 8952.449 | C71: 7008.166 | D71: 6861.543 | E71: 5518.466 | F71: 5149.702 | G71: 5548.298 | H71: 5785.293 | I71: 6870.657 | J71: 6810.103 | K71: 6924.373 | L71: 7508.227 | M71: 6905.104 | N71: 5965.68 | O71: 6771.743 | P71: 6844.853 | Q71: 6333.876 | R71: 6705.839 | S71: 7649.546 | T71: 7304.855 | U71: 5904.752 | V71: 6888.313 | W71: 6814.443 | X71: 6945.269 | Y71: 6448.284 | Z71: 6056.292 | AA71: 7152.249 | AB71: 7310.579 | AC71: 7767.132 | AD71: 7200.543 | AE71: 7156.095 | AF71: 6234.69 | AG71: 6117.244 | AH71: 5777.826 | AI71: 5269.408 | AJ71: 5518.879
A72: Gas works gas | B72: 67.551 | C72: 56.834 | D72: 63.457 | E72: 39.534 | F72: 59.298 | G72: 28.702 | H72: 1003.707 | I72: 1476.343 | J72: 1600.897 | K72: 1554.627 | L72: 1562.773 | M72: 1695.896 | N72: 1786.32 | O72: 1827.257 | P72: 1776.147 | Q72: 2044.714 | R72: 1897.349 | S72: 1989.078 | T72: 2213.026 | U72: 2209.522 | V72: 2312.068 | W72: 2330.178 | X72: 2201.402 | Y72: 2018.338 | Z72: 2223.856 | AA72: 2124.38 | AB72: 2063.353 | AC72: 1939.417 | AD72: 1803.193 | AE72: 1733.922 | AF72: 1250.365 | AG72: 142.2 | AH72: 203.304 | AI72: 191.909 | AJ72: 0
... A98: Non-renewable municipal waste | B98: 2297.593 | C98: 2478.75 | D98: 2613.219 | E98: 2738.128 | F98: 2987.872 | G98: 3321.632 | H98: 3852.498 | I98: 4265.352 | J98: 4800.841 | K98: 5547.052 | L98: 6403.702 | M98: 7137.662 | N98: 7391.541 | O98: 8343.935 | P98: 9137.024 | Q98: 10993.276 | R98: 12296.488 | S98: 13022.006 | T98: 13582.08 | U98: 13499.903 | V98: 14646.411 | W98: 15441.58 | X98: 15326.614 | Y98: 15970.907 | Z98: 16813.195 | AA98: 16817.386 | AB98: 17853.116 | AC98: 18222.995 | AD98: 18844.984 | AE98: 18591.833 | AF98: 18339.987 | AG98: 18775.844 | AH98: 18580.909 | AI98: 17819.195 | AJ98: 18465.332
A100: Special value
A101: : | B101: not available
A106: https://ec.europa.eu/eurostat/databrowser/view/NRG_CB_E__custom_11897030/default/table?lang=en
A107: Supply, transformation and consumption of electricity
A110: Data extracted on 24/06/2025 19:34:06 from [ESTAT]
A111: Dataset: | B111: Supply, transformation and consumption of electricity [nrg_cb_e__custom_17248361]
A112: Last updated: | B112: 24/06/2025 23:00
A114: Time frequency | C114: Annual
A115: Standard international energy product classification (SIEC) | C115: Electricity
A116: Unit of measure | C116: Gigawatt-hour
A117: Geopolitical entity (reporting) | C117: European Union - 27 countries (from 2020)
A119: TIME | B119: 1990 | C119: 1991 | D119: 1992 | E119: 1993 | F119: 1994 | G119: 1995 | H119: 1996 | I119: 1997 | J119: 1998 | K119: 1999 | L119: 2000 | M119: 2001 | N119: 2002 | O119: 2003 | P119: 2004 | Q119: 2005 | R119: 2006 | S119: 2007 | T119: 2008 | U119: 2009 | V119: 2010 | W119: 2011 | X119: 2012 | Y119: 2013 | Z119: 2014 | AA119: 2015 | AB119: 2016 | AC119: 2017 | AD119: 2018 | AE119: 2019 | AF119: 2020 | AG119: 2021 | AH119: 2022 | AI119: 2023 | AJ119: 2024
A120: NRG_BAL (Labels)
A121: Imports | B121: 218484 | C121: 178925 | D121: 175263 | E121: 175606 | F121: 169048 | G121: 181335 | H121: 193531 | I121: 194520 | J121: 187928 | K121: 214365 | L121: 251792.38 | M121: 252175.25 | N121: 279688.64 | O121: 289918.18 | P121: 277200.31 | Q121: 323963.45 | R121: 308853.27 | S121: 316962.07 | T121: 305128.22 | U121: 292276.75 | V121: 291540.09 | W121: 321114.67 | X121: 349454.14 | Y121: 332062.26 | Z121: 363686.91 | AA121: 387638.65 | AB121: 362524.59 | AC121: 366554.33 | AD121: 372348.28 | AE121: 369432.45 | AF121: 381008.85 | AG121: 401425.82 | AH121: 421942.81 | AI121: 406835.68 | AJ121: 437277.3
A122: Exports | B122: 184752.2 | C122: 175503.1 | D122: 169892 | E122: 170212 | F122: 166173 | G122: 177027 | H122: 211601 | I122: 204799 | J122: 199520 | K122: 215326 | L122: 242944.85 | M122: 255540.79 | N122: 272579.92 | O122: 291982.41 | P122: 289018.58 | Q122: 316608.58 | R122: 308399.98 | S122: 306358.59 | T122: 293074.92 | U122: 274993.83 | V122: 286640.7 | W122: 320148.27 | X122: 342668.52 | Y122: 333882.6 | Z122: 368710.35 | AA122: 394313.76 | AB122: 361878.21 | AC122: 371130.02 | AD122: 363497.75 | AE122: 366487.72 | AF122: 367046.55 | AG122: 394108.4 | AH122: 408980.89 | AI122: 407281.11 | AJ122: 449477.57
A123: Inland demand | B123: 2139174.6 | C123: 2149609.6 | D123: 2132149.8 | E123: 2137696 | F123: 2174019.5 | G123: 2237309.6 | H123: 2296293.9 | I123: 2318327.2 | J123: 2367825.4 | K123: 2400048.1 | L123: 2477017.7 | M123: 2541070.7 | N123: 2564166.9 | O123: 2635201.7 | P123: 2695261.4 | Q123: 2730726.7 | R123: 2769838.5 | S123: 2795527.7 | T123: 2813660.8 | U123: 2672454.9 | V123: 2794021.8 | W123: 2753338.2 | X123: 2753233.8 | Y123: 2730944.4 | Z123: 2670206.4 | AA123: 2714372.7 | AB123: 2745470.5 | AC123: 2769385.6 | AD123: 2772697.1 | AE123: 2741499.2 | AF123: 2639486.3 | AG123: 2755133.1 | AH123: 2663892.9 | AI123: 2585823.1 | AJ123: 2635122.8
A124: Transformation input - electricity and heat generation - electrically driven heat pumps | B124: 0 | C124: 0 | D124: 2261 | E124: 2386 | F124: 2297 | G124: 2300 | H124: 2278 | I124: 2292 | J124: 2334 | K124: 2277 | L124: 2229 | M124: 2219 | N124: 2141 | O124: 2031 | P124: 1925 | Q124: 1868 | R124: 1655 | S124: 1695.99 | T124: 1671.346 | U124: 1521.696 | V124: 1622.785 | W124: 1366.524 | X124: 1762.434 | Y124: 1373.686 | Z124: 1783.216 | AA124: 1599.132 | AB124: 1550.918 | AC124: 1730.102 | AD124: 1589.129 | AE124: 1578.748 | AF124: 1821.302 | AG124: 2051.064 | AH124: 1949.613 | AI124: 2582.738 | AJ124: 2053.446
A125: Transformation input - electricity and heat generation - electric boilers | B125: 43 | C125: 16 | D125: 5803 | E125: 5055 | F125: 2779 | G125: 3438 | H125: 1851 | I125: 2323 | J125: 1872 | K125: 1615 | L125: 2167 | M125: 1795 | N125: 1388 | O125: 565 | P125: 459 | Q125: 362 | R125: 304 | S125: 303 | T125: 215 | U125: 270.461 | V125: 243.486 | W125: 235.931 | X125: 484.02 | Y125: 474.774 | Z125: 415.685 | AA125: 628.687 | AB125: 542.327 | AC125: 611.261 | AD125: 560.179 | AE125: 687.335 | AF125: 1220.556 | AG125: 1316.017 | AH125: 1444.931 | AI125: 3399.584 | AJ125: 4999.42
A126: Transformation input - electricity and heat generation - electricity for pumped storage - pure hydro plants | B126: 19155.633 | C126: 18944.523 | D126: 20461.429 | E126: 19337.296 | F126: 19451.957 | G126: 21955.295 | H126: 22726.156 | I126: 22859.648 | J126: 24850.374 | K126: 26428.581 | L126: 25584.168 | M126: 25111.649 | N126: 27100.406 | O126: 27119.76 | P126: 28415.545 | Q126: 28943.755 | R126: 26950.231 | S126: 25915.599 | T126: 24559.326 | U126: 24080.386 | V126: 25659.933 | W126: 23001.437 | X126: 24519.032 | Y126: 25475.466 | Z126: 25122.241 | AA126: 24477.7 | AB126: 24233.261 | AC126: 24409.019 | AD126: 22150.563 | AE126: 21597.645 | AF126: 24195.83 | AG126: 22919.439 | AH126: 25869.677 | AI126: 25575.451 | AJ126: 26067.201
A127: Transformation input - electricity and heat generation - electricity for pumped storage - mixed plants | B127: 7759.7 | C127: 8096.3 | D127: 9062 | E127: 7296 | F127: 5944 | G127: 7376 | H127: 8516 | I127: 7785 | J127: 8374 | K127: 10274 | L127: 14474 | M127: 13959 | N127: 18439 | O127: 17398 | P127: 17285 | Q127: 17516.917 | R127: 17956.833 | S127: 16834.801 | T127: 15521.815 | U127: 15294.237 | V127: 14898.328 | W127: 11809.036 | X127: 13776.882 | Y127: 14192.39 | Z127: 14318.379 | AA127: 13231.956 | AB127: 12979.739 | AC127: 14280.592 | AD127: 14075.396 | AE127: 13406.766 | AF127: 14552.349 | AG127: 14526.089 | AH127: 17513.787 | AI127: 17857.485 | AJ127: 20187.417
A128: Energy sector - electricity and heat generation - energy use | B128: 142880.35 | C128: 143637.31 | D128: 138726.59 | E128: 136894.7 | F128: 138831.44 | G128: 141496.39 | H128: 145330.7 | I128: 142568.16 | J128: 143226.38 | K128: 144962.25 | L128: 146056.17 | M128: 146847.81 | N128: 150904.25 | O128: 152953.68 | P128: 152868.56 | Q128: 154602.41 | R128: 157551.5 | S128: 158143.77 | T128: 155186.22 | U128: 150176.04 | V128: 152586.42 | W128: 153836.58 | X128: 152497.73 | Y128: 147118.07 | Z128: 144929.05 | AA128: 146139.12 | AB128: 144554.87 | AC128: 146533.13 | AD128: 141492.08 | AE128: 132054.26 | AF128: 122992.57 | AG128: 127981.87 | AH128: 125253.93 | AI128: 112591.1 | AJ128: 110310.96
A129: Distribution losses | B129: 0 | C129: 0 | D129: 0 | E129: 0 | F129: 0 | G129: 0 | H129: 0 | I129: 0 | J129: 0 | K129: 0 | L129: 0 | M129: 0 | N129: 0 | O129: 0 | P129: 0 | Q129: 0 | R129: 0 | S129: 0 | T129: 0 | U129: 0 | V129: 0 | W129: 25919.672 | X129: 27312.368 | Y129: 27597.214 | Z129: 23966.921 | AA129: 30053.873 | AB129: 30566.874 | AC129: 31427.58 | AD129: 31587.519 | AE129: 32708.287 | AF129: 31912.644 | AG129: 37077.36 | AH129: 125966.34 | AI129: 122286.41 | AJ129: 176677.13
A130: Available for final consumption | B130: 1988162.6 | C130: 2000808.6 | D130: 1984572.8 | E130: 1978258 | F130: 2013994.5 | G130: 2063616.6 | H130: 2119562.9 | I130: 2151978.2 | J130: 2191877.4 | K130: 2226111.1 | L130: 2291094.2 | M130: 2353732.2 | N130: 2383768.3 | O130: 2449917.1 | P130: 2507860.2 | Q130: 2538782.8 | R130: 2583336.6 | S130: 2606333.1 | T130: 2622873.8 | U130: 2491748.5 | V130: 2608624 | W130: 2571194.9 | X130: 2570050 | Y130: 2545937.3 | Z130: 2495365.7 | AA130: 2534951.3 | AB130: 2565440.5 | AC130: 2591288.6 | AD130: 2589724 | AE130: 2562558.8 | AF130: 2463902.5 | AG130: 2571683.7 | AH130: 2487571.8 | AI130: 2410803.4 | AJ130: 2458445.7
A131: Gross electricity production | B131: 2275281.5 | C131: 2316881.8 | D131: 2303092.9 | E131: 2303271 | F131: 2340447.9 | G131: 2409567.3 | H131: 2495065.8 | I131: 2506434 | J131: 2560074.1 | K131: 2586566 | L131: 2658680.5 | M131: 2734368.7 | N131: 2757030.8 | O131: 2837333.4 | P131: 2908032.8 | Q131: 2926664.9 | R131: 2973802.8 | S131: 2987817.4 | T131: 2998761.2 | U131: 2846514.8 | V131: 2984133.4 | W131: 2942621.3 | X131: 2939488.3 | Y131: 2921399.1 | Z131: 2861798.4 | AA131: 2907124.4 | AB131: 2928685.2 | AC131: 2961525.4 | AD131: 2943714 | AE131: 2907879.2 | AF131: 2790313.2 | AG131: 2916637.6 | AH131: 2823630.6 | AI131: 2749566.9 | AJ131: 2811390.8
A132: Net electricity production | B132: 2132401.2 | C132: 2173244.5 | D132: 2164366.3 | E132: 2166376.3 | F132: 2201616.5 | G132: 2268070.9 | H132: 2349735.1 | I132: 2363865.9 | J132: 2416847.8 | K132: 2441603.7 | L132: 2512624.4 | M132: 2587520.9 | N132: 2606126.6 | O132: 2684379.7 | P132: 2755164.3 | Q132: 2772062.5 | R132: 2816251.3 | S132: 2829673.6 | T132: 2843575 | U132: 2696338.7 | V132: 2831546.9 | W132: 2788784.7 | X132: 2786990.5 | Y132: 2774281.1 | Z132: 2716869.4 | AA132: 2760985.3 | AB132: 2784130.3 | AC132: 2814992.2 | AD132: 2802221.9 | AE132: 2775825 | AF132: 2667320.6 | AG132: 2788655.7 | AH132: 2698376.7 | AI132: 2636975.8 | AJ132: 2701079.8
A134: Special value
A135: : | B135: not available

Sheet DATA-HEAT
A1: https://ec.europa.eu/eurostat/databrowser/view/NRG_IND_PEHNF__custom_11896696/default/table?lang=en
A2: Gross production of electricity and derived heat from non-combustible fuels by type of plant and operator
A4: Data extracted on 25/06/2025 19:41:18 from [ESTAT]
A5: Dataset: | B5: Gross production of electricity and derived heat from non-combustible fuels by type of plant and operator [nrg_ind_pehnf__custom_17248420]
A6: Last updated: | B6: 24/06/2025 23:00
A8: Time frequency | C8: Annual
A9: Type of plant | C9: Total
A10: Operator/Trader | C10: Total
A11: Energy balance | C11: Gross heat production
A12: Unit of measure | C12: Terajoule
A13: Geopolitical entity (reporting) | C13: European Union - 27 countries (from 2020)
A15: TIME | B15: 1990 | C15: 1991 | D15: 1992 | E15: 1993 | F15: 1994 | G15: 1995 | H15: 1996 | I15: 1997 | J15: 1998 | K15: 1999 | L15: 2000 | M15: 2001 | N15: 2002 | O15: 2003 | P15: 2004 | Q15: 2005 | R15: 2006 | S15: 2007 | T15: 2008 | U15: 2009 | V15: 2010 | W15: 2011 | X15: 2012 | Y15: 2013 | Z15: 2014 | AA15: 2015 | AB15: 2016 | AC15: 2017 | AD15: 2018 | AE15: 2019 | AF15: 2020 | AG15: 2021 | AH15: 2022 | AI15: 2023 | AJ15: 2024
A16: SIEC (Labels)
A17: Hydro | B17: : | C17: : | D17: : | E17: : | F17: : | G17: : | H17: : | I17: : | J17: : | K17: : | L17: : | M17: : | N17: : | O17: : | P17: : | Q17: : | R17: : | S17: : | T17: : | U17: : | V17: : | W17: : | X17: : | Y17: : | Z17: : | AA17: : | AB17: : | AC17: : | AD17: : | AE17: : | AF17: : | AG17: : | AH17: : | AI17: : | AJ17: :
A18: Pure hydro power | B18: : | C18: : | D18: : | E18: : | F18: : | G18: : | H18: : | I18: : | J18: : | K18: : | L18: : | M18: : | N18: : | O18: : | P18: : | Q18: : | R18: : | S18: : | T18: : | U18: : | V18: : | W18: : | X18: : | Y18: : | Z18: : | AA18: : | AB18: : | AC18: : | AD18: : | AE18: : | AF18: : | AG18: : | AH18: : | AI18: : | AJ18: :
A19: Run-of-river hydro power | B19: : | C19: : | D19: : | E19: : | F19: : | G19: : | H19: : | I19: : | J19: : | K19: : | L19: : | M19: : | N19: : | O19: : | P19: : | Q19: : | R19: : | S19: : | T19: : | U19: : | V19: : | W19: : | X19: : | Y19: : | Z19: : | AA19: : | AB19: : | AC19: : | AD19: : | AE19: : | AF19: : | AG19: : | AH19: : | AI19: : | AJ19: :
A20: Mixed hydro power | B20: : | C20: : | D20: : | E20: : | F20: : | G20: : | H20: : | I20: : | J20: : | K20: : | L20: : | M20: : | N20: : | O20: : | P20: : | Q20: : | R20: : | S20: : | T20: : | U20: : | V20: : | W20: : | X20: : | Y20: : | Z20: : | AA20: : | AB20: : | AC20: : | AD20: : | AE20: : | AF20: : | AG20: : | AH20: : | AI20: : | AJ20: :
A21: Mixed hydro power - pumping | B21: : | C21: : | D21: : | E21: : | F21: : | G21: : | H21: : | I21: : | J21: : | K21: : | L21: : | M21: : | N21: : | O21: : | P21: : | Q21: : | R21: : | S21: : | T21: : | U21: : | V21: : | W21: : | X21: : | Y21: : | Z21: : | AA21: : | AB21: : | AC21: : | AD21: : | AE21: : | AF21: : | AG21: : | AH21: : | AI21: : | AJ21: :
A22: Pumped hydro power | B22: : | C22: : | D22: : | E22: : | F22: : | G22: : | H22: : | I22: : | J22: : | K22: : | L22: : | M22: : | N22: : | O22: : | P22: : | Q22: : | R22: : | S22: : | T22: : | U22: : | V22: : | W22: : | X22: : | Y22: : | Z22: : | AA22: : | AB22: : | AC22: : | AD22: : | AE22: : | AF22: : | AG22: : | AH22: : | AI22: : | AJ22: :
A23: Geothermal | B23: 67 | C23: 76 | D23: 69 | E23: 104 | F23: 107 | G23: 372 | H23: 435 | I23: 378 | J23: 409 | K23: 813 | L23: 716 | M23: 1025 | N23: 1204 | O23: 1005 | P23: 1035 | Q23: 4689.786 | R23: 4501.269 | S23: 4331.125 | T23: 4466.169 | U23: 4283.846 | V23: 5221.106 | W23: 4746.554 | X23: 5276.846 | Y23: 6233.974 | Z23: 7065.358 | AA23: 8155.099 | AB23: 9910.698 | AC23: 10956.771 | AD23: 11871.035 | AE23: 12944.665 | AF23: 13385.829 | AG23: 14079.067 | AH23: 14784.38 | AI23: 14434.14 | AJ23: 14340.452
A24: Wind | B24: : | C24: : | D24: : | E24: : | F24: : | G24: : | H24: : | I24: : | J24: : | K24: : | L24: : | M24: : | N24: : | O24: : | P24: : | Q24: : | R24: : | S24: : | T24: : | U24: : | V24: : | W24: : | X24: : | Y24: : | Z24: : | AA24: : | AB24: : | AC24: : | AD24: : | AE24: : | AF24: : | AG24: : | AH24: : | AI24: : | AJ24: :
A25: Wind on shore | B25: : | C25: : | D25: : | E25: : | F25: : | G25: : | H25: : | I25: : | J25: : | K25: : | L25: : | M25: : | N25: : | O25: : | P25: : | Q25: : | R25: : | S25: : | T25: : | U25: : | V25: : | W25: : | X25: : | Y25: : | Z25: : | AA25: : | AB25: : | AC25: : | AD25: : | AE25: : | AF25: : | AG25: : | AH25: : | AI25: : | AJ25: :
A26: Wind off shore | B26: : | C26: : | D26: : | E26: : | F26: : | G26: : | H26: : | I26: : | J26: : | K26: : | L26: : | M26: : | N26: : | O26: : | P26: : | Q26: : | R26: : | S26: : | T26: : | U26: : | V26: : | W26: : | X26: : | Y26: : | Z26: : | AA26: : | AB26: : | AC26: : | AD26: : | AE26: : | AF26: : | AG26: : | AH26: : | AI26: : | AJ26: :
A27: Solar thermal | B27: 6 | C27: 6 | D27: 6 | E27: 6 | F27: 6 | G27: 6 | H27: 6 | I27: 19 | J27: 16 | K27: 23 | L27: 24 | M27: 27 | N27: 37 | O27: 51 | P27: 51 | Q27: 55 | R27: 49 | S27: 62 | T27: 69 | U27: 164.2 | V27: 206.299 | W27: 297.774 | X27: 454.587 | Y27: 579.536 | Z27: 829.65 | AA27: 1062.051 | AB27: 1493.284 | AC27: 1837.712 | AD27: 2266.768 | AE27: 2461.753 | AF27: 2842.843 | AG27: 2583.771 | AH27: 3048.317 | AI27: 2922.041 | AJ27: 2676.803
A28: Solar photovoltaic | B28: : | C28: : | D28: : | E28: : | F28: : | G28: : | H28: : | I28: : | J28: : | K28: : | L28: : | M28: : | N28: : | O28: : | P28: : | Q28: : | R28: : | S28: : | T28: : | U28: : | V28: : | W28: : | X28: : | Y28: : | Z28: : | AA28: : | AB28: : | AC28: : | AD28: : | AE28: : | AF28: : | AG28: : | AH28: : | AI28: : | AJ28: :
A29: Solar photovoltaic (< 20 kW) | B29: : | C29: : | D29: : | E29: : | F29: : | G29: : | H29: : | I29: : | J29: : | K29: : | L29: : | M29: : | N29: : | O29: : | P29: : | Q29: : | R29: : | S29: : | T29: : | U29: : | V29: : | W29: : | X29: : | Y29: : | Z29: : | AA29: : | AB29: : | AC29: : | AD29: : | AE29: : | AF29: : | AG29: : | AH29: : | AI29: : | AJ29: :
A30: Solar photovoltaic (20 kW - 1000 kW) | B30: : | C30: : | D30: : | E30: : | F30: : | G30: : | H30: : | I30: : | J30: : | K30: : | L30: : | M30: : | N30: : | O30: : | P30: : | Q30: : | R30: : | S30: : | T30: : | U30: : | V30: : | W30: : | X30: : | Y30: : | Z30: : | AA30: : | AB30: : | AC30: : | AD30: : | AE30: : | AF30: : | AG30: : | AH30: : | AI30: : | AJ30: :
A31: Solar photovoltaic (1+ MW) | B31: : | C31: : | D31: : | E31: : | F31: : | G31: : | H31: : | I31: : | J31: : | K31: : | L31: : | M31: : | N31: : | O31: : | P31: : | Q31: : | R31: : | S31: : | T31: : | U31: : | V31: : | W31: : | X31: : | Y31: : | Z31: : | AA31: : | AB31: : | AC31: : | AD31: : | AE31: : | AF31: : | AG31: : | AH31: : | AI31: : | AJ31: :
A32: Solar photovoltaic (off grid) | B32: : | C32: : | D32: : | E32: : | F32: : | G32: : | H32: : | I32: : | J32: : | K32: : | L32: : | M32: : | N32: : | O32: : | P32: : | Q32: : | R32: : | S32: : | T32: : | U32: : | V32: : | W32: : | X32: : | Y32: : | Z32: : | AA32: : | AB32: : | AC32: : | AD32: : | AE32: : | AF32: : | AG32: : | AH32: : | AI32: : | AJ32: :
A33: Tide, wave, ocean | B33: : | C33: : | D33: : | E33: : | F33: : | G33: : | H33: : | I33: : | J33: : | K33: : | L33: : | M33: : | N33: : | O33: : | P33: : | Q33: : | R33: : | S33: : | T33: : | U33: : | V33: : | W33: : | X33: : | Y33: : | Z33: : | AA33: : | AB33: : | AC33: : | AD33: : | AE33: : | AF33: : | AG33: : | AH33: : | AI33: : | AJ33: :
A34: Ambient heat (heat pumps) | B34: 0 | C34: 0 | D34: 0 | E34: 0 | F34: 48 | G34: 65 | H34: 69 | I34: 49 | J34: 39 | K34: 38 | L34: 69 | M34: 41 | N34: 69 | O34: 11 | P34: 11 | Q34: 19 | R34: 8 | S34: 339 | T34: 895 | U34: 820 | V34: 1395.424 | W34: 19634.262 | X34: 22777.367 | Y34: 17993.984 | Z34: 20645.422 | AA34: 22089.897 | AB34: 20821.366 | AC34: 20736.319 | AD34: 21207.258 | AE34: 21833.929 | AF34: 23942.152 | AG34: 26914.283 | AH34: 25666.42 | AI34: 32915.168 | AJ34: 32067.138
A35: Nuclear fuels and other fuels n.e.c. | B35: 7015 | C35: 2531 | D35: 3486 | E35: 3435 | F35: 3362 | G35: 3757 | H35: 4378 | I35: 4330 | J35: 3505 | K35: 3421 | L35: 3201 | M35: 5543 | N35: 5501 | O35: 5599 | P35: 6539 | Q35: 6530 | R35: 6559 | S35: 6359 | T35: 6311 | U35: 6672 | V35: 5006 | W35: 4563 | X35: 4566 | Y35: 4205 | Z35: 4048 | AA35: 4104 | AB35: 4120 | AC35: 4337.204 | AD35: 4119.066 | AE35: 3979.972 | AF35: 3686.271 | AG35: 3913.244 | AH35: 3687.789 | AI35: 3789.413 | AJ35: 4149.931
A36: Electricity | B36: 141 | C36: 53 | D36: 20581 | E36: 17836 | F36: 9726 | G36: 12028 | H36: 6504 | I36: 8111 | J36: 6062 | K36: 5711 | L36: 7651 | M36: 6339 | N36: 4901 | O36: 1974 | P36: 1402 | Q36: 1269 | R36: 1077 | S36: 1054 | T36: 749 | U36: 929 | V36: 857 | W36: 823.272 | X36: 1680.627 | Y36: 1555.05 | Z36: 1453.72 | AA36: 2043.809 | AB36: 1719.121 | AC36: 1929.458 | AD36: 1953.529 | AE36: 2397.61 | AF36: 4334.847 | AG36: 4640.442 | AH36: 5115.228 | AI36: 11992.865 | AJ36: 14160.005
A37: Other fuels n.e.c. - heat from chemical sources | B37: 3553 | C37: 3383 | D37: 3773 | E37: 1945 | F37: 1504 | G37: 2507 | H37: 3499 | I37: 3819 | J37: 4815 | K37: 5050 | L37: 8640 | M37: 7587 | N37: 10226 | O37: 10984 | P37: 15660.2 | Q37: 16839.903 | R37: 17487.261 | S37: 19323.699 | T37: 23193.93 | U37: 20342.704 | V37: 23352.762 | W37: 23654.762 | X37: 24913.961 | Y37: 26861.678 | Z37: 28478.919 | AA37: 31929.811 | AB37: 35454.11 | AC37: 38513.642 | AD37: 37147.841 | AE37: 38037.058 | AF37: 38338.228 | AG37: 38029.613 | AH37: 31343.165 | AI37: 25354.034 | AJ37: 33115.666
A38: Other fuels n.e.c. | B38: 1458 | C38: 878 | D38: 709 | E38: 0 | F38: 2854 | G38: 2758 | H38: 3050 | I38: 7256 | J38: 8328 | K38: 8552 | L38: 9718 | M38: 12770 | N38: 12557 | O38: 19646 | P38: 21493 | Q38: 18526 | R38: 18652 | S38: 21891 | T38: 20097 | U38: 21521 | V38: 28173 | W38: 31385.929 | X38: 32812.429 | Y38: 37720.662 | Z38: 35966.827 | AA38: 42347.347 | AB38: 42926.399 | AC38: 52230.174 | AD38: 48653.07 | AE38: 51422.605 | AF38: 53992.015 | AG38: 60491.374 | AH38: 53841.296 | AI38: 79787.738 | AJ38: 84196.493
A40: Special value
A41: : | B41: not available
A45: https://ec.europa.eu/eurostat/databrowser/view/NRG_IND_PEHCF__custom_11896838/default/table?lang=en
A46: Gross production of electricity and derived heat from combustible fuels by type of plant and operator
A48: Data extracted on 24/06/2025 19:43:46 from [ESTAT]
A49: Dataset: | B49: Gross production of electricity and derived heat from combustible fuels by type of plant and operator [nrg_ind_pehcf__custom_17248454]
A50: Last updated: | B50: 24/06/2025 23:00
A52: Time frequency | C52: Annual
A53: Type of plant | C53: Total
A54: Operator/Trader | C54: Total
A55: Energy balance | C55: Gross heat production
A56: Unit of measure | C56: Terajoule
A57: Geopolitical entity (reporting) | C57: European Union - 27 countries (from 2020)
A59: TIME | B59: 1990 | C59: 1991 | D59: 1992 | E59: 1993 | F59: 1994 | G59: 1995 | H59: 1996 | I59: 1997 | J59: 1998 | K59: 1999 | L59: 2000 | M59: 2001 | N59: 2002 | O59: 2003 | P59: 2004 | Q59: 2005 | R59: 2006 | S59: 2007 | T59: 2008 | U59: 2009 | V59: 2010 | W59: 2011 | X59: 2012 | Y59: 2013 | Z59: 2014 | AA59: 2015 | AB59: 2016 | AC59: 2017 | AD59: 2018 | AE59: 2019 | AF59: 2020 | AG59: 2021 | AH59: 2022 | AI59: 2023 | AJ59: 2024
A60: SIEC (Labels)
A61: Anthracite | B61: 0 | C61: 0 | D61: 0 | E61: 0 | F61: 0 | G61: 0 | H61: 0 | I61: 0 | J61: 0 | K61: 0 | L61: 76 | M61: 0 | N61: 0 | O61: 4149 | P61: 5320 | Q61: 4923 | R61: 5610 | S61: 3637 | T61: 5471 | U61: 17461 | V61: 16940 | W61: 20767 | X61: 18030 | Y61: 17124 | Z61: 24717 | AA61: 8527 | AB61: 3108 | AC61: 3384.558 | AD61: 5096 | AE61: 1915 | AF61: 1915 | AG61: 1635.618 | AH61: 1089.447 | AI61: 761.974 | AJ61: 533.063
A62: Coking coal | B62: 0 | C62: 0 | D62: 0 | E62: 0 | F62: 0 | G62: 0 | H62: 132 | I62: 1107 | J62: 895 | K62: 1189 | L62: 1352 | M62: 1350 | N62: 986 | O62: 38355 | P62: 42295 | Q62: 36653 | R62: 31573 | S62: 33383 | T62: 30483 | U62: 24136 | V62: 19318 | W62: 20161 | X62: 26285 | Y62: 6743 | Z62: 10230 | AA62: 2021 | AB62: 9075 | AC62: 13150.182 | AD62: 12431.302 | AE62: 1003.177 | AF62: 1110.725 | AG62: 1272.245 | AH62: 3515.207 | AI62: 7601.613 | AJ62: 6133.587
A63: Other bituminous coal | B63: 915107 | C63: 959365 | D63: 902456 | E63: 851089 | F63: 788079 | G63: 681373 | H63: 725532 | I63: 660049 | J63: 608046 | K63: 576554 | L63: 525437 | M63: 566724 | N63: 532304 | O63: 567216 | P63: 555259 | Q63: 535202.3 | R63: 542935.16 | S63: 510736.46 | T63: 503114.5 | U63: 485340.7 | V63: 525097.27 | W63: 457034.49 | X63: 454089.06 | Y63: 480133.04 | Z63: 412948.68 | AA63: 430430.68 | AB63: 436525.04 | AC63: 414406.03 | AD63: 397261.46 | AE63: 377280.64 | AF63: 319923.56 | AG63: 344334.38 | AH63: 321149.33 | AI63: 263101.77 | AJ63: 237672.84
A64: Sub-bituminous coal | B64: 478 | C64: 4441 | D64: 4627 | E64: 3823 | F64: 3667 | G64: 5232 | H64: 8008 | I64: 6823 | J64: 5731 | K64: 3642 | L64: 4573 | M64: 4779 | N64: 4292 | O64: 4613 | P64: 8570 | Q64: 11116 | R64: 10256 | S64: 10378 | T64: 11312 | U64: 8943 | V64: 7116 | W64: 9088 | X64: 10909 | Y64: 8472 | Z64: 6497 | AA64: 5290 | AB64: 5257 | AC64: 5001.731 | AD64: 5245.906 | AE64: 4442.68 | AF64: 4096.01 | AG64: 4211.521 | AH64: 3991.173 | AI64: 2757.227 | AJ64: 1406.16
A65: Lignite | B65: 433014 | C65: 333913 | D65: 285661 | E65: 271396 | F65: 236752 | G65: 246406 | H65: 264341 | I65: 274227 | J65: 241471 | K65: 222474 | L65: 215505 | M65: 167453 | N65: 146170 | O65: 162078 | P65: 144819 | Q65: 142288.54 | R65: 138597.13 | S65: 138333 | T65: 137849 | U65: 129503 | V65: 147850 | W65: 137816 | X65: 135355 | Y65: 139281 | Z65: 123042 | AA65: 126543 | AB65: 120492 | AC65: 114980.62 | AD65: 101910.12 | AE65: 94725.94 | AF65: 87994.49 | AG65: 91908.352 | AH65: 86900.517 | AI65: 75398.299 | AJ65: 67461.106
A66: Coke oven coke | B66: 13418 | C66: 8847 | D66: 7488 | E66: 6498 | F66: 5757 | G66: 5193 | H66: 5214 | I66: 4038 | J66: 3131 | K66: 2250 | L66: 1566 | M66: 1357 | N66: 942 | O66: 834 | P66: 510 | Q66: 355 | R66: 209 | S66: 438 | T66: 369 | U66: 312 | V66: 303 | W66: 193 | X66: 100 | Y66: 59 | Z66: 76 | AA66: 31 | AB66: 11 | AC66: 21.011 | AD66: 36.808 | AE66: 29.157 | AF66: 23.28 | AG66: 41.465 | AH66: 39.642 | AI66: 19 | AJ66: 24.437
A67: Gas coke | B67: 0 | C67: 0 | D67: 0 | E67: 0 | F67: 0 | G67: 0 | H67: 0 | I67: 0 | J67: 0 | K67: 0 | L67: 0 | M67: 0 | N67: 0 | O67: 0 | P67: 0 | Q67: 0 | R67: 0 | S67: 0 | T67: 0 | U67: 0 | V67: 0 | W67: 0 | X67: 0 | Y67: 0 | Z67: 0 | AA67: 0 | AB67: 0 | AC67: 0 | AD67: 0 | AE67: 0 | AF67: 0 | AG67: 0 | AH67: 0 | AI67: 0 | AJ67: 0
A68: Patent fuel | B68: 1433 | C68: 178 | D68: 62 | E68: 35 | F68: 31 | G68: 0 | H68: 0 | I68: 43 | J68: 0 | K68: 0 | L68: 0 | M68: 0 | N68: 1 | O68: 0 | P68: 0 | Q68: 0 | R68: 0 | S68: 0 | T68: 145 | U68: 0 | V68: 0 | W68: 0 | X68: 0 | Y68: 0 | Z68: 0 | AA68: 0 | AB68: 0 | AC68: 0 | AD68: 0 | AE68: 0 | AF68: 0 | AG68: 0 | AH68: 0 | AI68: 0 | AJ68: 0
A69: Brown coal briquettes | B69: 11213 | C69: 6200 | D69: 6373 | E69: 5765 | F69: 4478 | G69: 5064 | H69: 5292 | I69: 4748 | J69: 4527 | K69: 7904 | L69: 9760 | M69: 10864 | N69: 10434 | O69: 9822 | P69: 7837 | Q69: 8296 | R69: 7998 | S69: 10098 | T69: 12228 | U69: 10511 | V69: 9861 | W69: 8387 | X69: 9515 | Y69: 10768 | Z69: 10532 | AA69: 10489 | AB69: 11435 | AC69: 9551.047 | AD69: 10127.63 | AE69: 7797.241 | AF69: 6874.474 | AG69: 7100.433 | AH69: 6831.436 | AI69: 5433.006 | AJ69: 5337.86
A70: Coal tar | B70: 0 | C70: 0 | D70: 0 | E70: 0 | F70: 0 | G70: 0 | H70: 0 | I70: 0 | J70: 0 | K70: 0 | L70: 5 | M70: 19 | N70: 2552 | O70: 2445 | P70: 2005 | Q70: 1979 | R70: 978 | S70: 781 | T70: 264 | U70: 209 | V70: 216 | W70: 72 | X70: 83 | Y70: 88 | Z70: 96 | AA70: 100 | AB70: 114 | AC70: 148.572 | AD70: 118.986 | AE70: 83.323 | AF70: 84.485 | AG70: 104.66 | AH70: 45.471 | AI70: 39.164 | AJ70: 28.507
A71: Coke oven gas | B71: 9651.903 | C71: 9099.124 | D71: 10219.883 | E71: 9651.041 | F71: 12986.128 | G71: 11988.494 | H71: 11182.012 | I71: 9318.444 | J71: 7613.894 | K71: 9543.935 | L71: 10908.258 | M71: 10052.9 | N71: 10714.346 | O71: 11948.929 | P71: 8721.44 | Q71: 9094.15 | R71: 8485.679 | S71: 8388.365 | T71: 7724.954 | U71: 6521.008 | V71: 8318.491 | W71: 9093.144 | X71: 9921.512 | Y71: 9988.392 | Z71: 9674.559 | AA71: 9641.023 | AB71: 10617.013 | AC71: 13705.352 | AD71: 13407.181 | AE71: 13577.115 | AF71: 10761.525 | AG71: 11995.019 | AH71: 9544.379 | AI71: 8719.581 | AJ71: 4341.638
A72: Gas works gas | B72: 2944.097 | C72: 2456.876 | D72: 3090.117 | E72: 2063.959 | F72: 2705.872 | G72: 1183.506 | H72: 648.988 | I72: 609.556 | J72: 192.106 | K72: 494.065 | L72: 1009.742 | M72: 1113.1 | N72: 1014.654 | O72: 1322.071 | P72: 1213.56 | Q72: 1072.97 | R72: 1242.924 | S72: 1394.857 | T72: 967.506 | U72: 1190.58 | V72: 1179.442 | W72: 938.504 | X72: 886.718 | Y72: 1250.56 | Z72: 848.797 | AA72: 393.105 | AB72: 389.719 | AC72: 412.225 | AD72: 632.376 | AE72: 815.201 | AF72: 375.1 | AG72: 264.24 | AH72: 262.227 | AI72: 255.493 | AJ72: 0
... A98: Non-renewable municipal waste | B98: 34777 | C98: 36018 | D98: 37311 | E98: 39534 | F98: 37443 | G98: 40181 | H98: 42394 | I98: 43687 | J98: 43520 | K98: 46713 | L98: 46208 | M98: 47838 | N98: 48565 | O98: 55262 | P98: 57667 | Q98: 63885.602 | R98: 66879.402 | S98: 64947.679 | T98: 72591.298 | U98: 74040.924 | V98: 75046.854 | W98: 75488.407 | X98: 80655.198 | Y98: 89457.268 | Z98: 92706.33 | AA98: 100237.06 | AB98: 107688.77 | AC98: 112986.99 | AD98: 111042.85 | AE98: 115968.52 | AF98: 119393.12 | AG98: 124487.39 | AH98: 121227.07 | AI98: 115797.37 | AJ98: 124502.99
A100: Special value
A101: : | B101: not available
A106: https://ec.europa.eu/eurostat/databrowser/view/NRG_CB_H__custom_11897622/default/table?lang=en
A107: Supply, transformation and consumption of derived heat
A110: Data extracted on 25/06/2025 19:46:54 from [ESTAT]
A111: Dataset: | B111: Supply, transformation and consumption of derived heat [nrg_cb_h__custom_17248473]
A112: Last updated: | B112: 24/06/2025 23:00
A114: Time frequency | C114: Annual
A115: Standard international energy product classification (SIEC) | C115: Heat
A116: Unit of measure | C116: Terajoule
A117: Geopolitical entity (reporting) | C117: European Union - 27 countries (from 2020)
A119: TIME | B119: 1990 | C119: 1991 | D119: 1992 | E119: 1993 | F119: 1994 | G119: 1995 | H119: 1996 | I119: 1997 | J119: 1998 | K119: 1999 | L119: 2000 | M119: 2001 | N119: 2002 | O119: 2003 | P119: 2004 | Q119: 2005 | R119: 2006 | S119: 2007 | T119: 2008 | U119: 2009 | V119: 2010 | W119: 2011 | X119: 2012 | Y119: 2013 | Z119: 2014 | AA119: 2015 | AB119: 2016 | AC119: 2017 | AD119: 2018 | AE119: 2019 | AF119: 2020 | AG119: 2021 | AH119: 2022 | AI119: 2023 | AJ119: 2024
A120: NRG_BAL (Labels)
A121: Imports | B121: 122 | C121: 122 | D121: 122 | E121: 122 | F121: 141 | G121: 141 | H121: 159 | I121: 145 | J121: 183 | K121: 146 | L121: 144 | M121: 152 | N121: 152 | O121: 152 | P121: 155 | Q121: 153 | R121: 153 | S121: 148 | T121: 153 | U121: 162 | V121: 193 | W121: 169 | X121: 177 | Y121: 187 | Z121: 242 | AA121: 259.591 | AB121: 244.149 | AC121: 260.247 | AD121: 241.159 | AE121: 227.077 | AF121: 223.439 | AG121: 235.157 | AH121: 232.11 | AI121: 235.735 | AJ121: 233.88
A122: Exports | B122: 122 | C122: 122 | D122: 122 | E122: 122 | F122: 141 | G122: 141 | H122: 159 | I122: 145 | J122: 183 | K122: 296 | L122: 283 | M122: 305 | N122: 295 | O122: 291 | P122: 354 | Q122: 381 | R122: 363 | S122: 336 | T122: 356 | U122: 338 | V122: 374 | W122: 333 | X122: 339 | Y122: 244 | Z122: 215 | AA122: 225 | AB122: 213 | AC122: 207.77 | AD122: 75.976 | AE122: 74.085 | AF122: 68.744 | AG122: 73.804 | AH122: 41.745 | AI122: 40.474 | AJ122: 40.845
A123: Inland demand | B123: 2597576 | C123: 2541880 | D123: 2676440 | E123: 2564638 | F123: 2297951 | G123: 2240431 | H123: 2398069 | I123: 2209126 | J123: 2174486 | K123: 2071576 | L123: 2053461.7 | M123: 2188623.9 | N123: 2147856.4 | O123: 2345284.8 | P123: 2515768.3 | Q123: 2510809.5 | R123: 2476369.4 | S123: 2385544.3 | T123: 2391909.9 | U123: 2351669.1 | V123: 2568455.9 | W123: 2358050.3 | X123: 2404284.4 | Y123: 2394691.6 | Z123: 2211782.5 | AA123: 2250832.9 | AB123: 2347579.1 | AC123: 2357469 | AD123: 2304365 | AE123: 2282437.6 | AF123: 2194227.3 | AG123: 2248784.8 | AH123: 2065398.2 | AI123: 1989697.8 | AJ123: 1958071.9
A124: Transformation input - electricity and heat generation - energy use | B124: 315 | C124: 281 | D124: 140 | E124: 2187 | F124: 448 | G124: 4019 | H124: 4334 | I124: 11144 | J124: 11896 | K124: 11668 | L124: 11606 | M124: 10113 | N124: 12605 | O124: 14721 | P124: 20425.2 | Q124: 19521.903 | R124: 20701.261 | S124: 20927.699 | T124: 24163.93 | U124: 23545.704 | V124: 28024.762 | W124: 27678.762 | X124: 31854.961 | Y124: 33786.678 | Z124: 33632.419 | AA124: 31481.912 | AB124: 32073.914 | AC124: 33197.272 | AD124: 23644.209 | AE124: 21881.309 | AF124: 21516.396 | AG124: 21223.606 | AH124: 19235.801 | AI124: 16159.897 | AJ124: 17481.814
A125: Energy sector - electricity and heat generation - energy use | B125: 12941 | C125: 24232 | D125: 56421 | E125: 58926 | F125: 42473 | G125: 42336 | H125: 37818 | I125: 41505 | J125: 32504 | K125: 27886 | L125: 25899 | M125: 34878 | N125: 23055 | O125: 21751 | P125: 25371 | Q125: 25448 | R125: 29397 | S125: 28212 | T125: 21332 | U125: 26638 | V125: 54601.437 | W125: 52816.501 | X125: 50641.308 | Y125: 51418.287 | Z125: 51366.067 | AA125: 50803.481 | AB125: 49657.087 | AC125: 46848.663 | AD125: 50518.954 | AE125: 40854.329 | AF125: 40446.299 | AG125: 42829.89 | AH125: 40371.047 | AI125: 37461.49 | AJ125: 40600.67
A126: Distribution losses | B126: 0 | C126: 0 | D126: 0 | E126: 0 | F126: 0 | G126: 0 | H126: 0 | I126: 0 | J126: 0 | K126: 0 | L126: 0 | M126: 0 | N126: 0 | O126: 0 | P126: 0 | Q126: 0 | R126: 0 | S126: 0 | T126: 0 | U126: 0 | V126: 1874.1 | W126: 1850.9 | X126: 1869.8 | Y126: 1683.4 | Z126: 1580.5 | AA126: 9670.243 | AB126: 10091.543 | AC126: 9837.557 | AD126: 9657.671 | AE126: 9868.271 | AF126: 35615.353 | AG126: 38323.419 | AH126: 103594.13 | AI126: 101735.31 | AJ126: 218046.15
A127: Available for final consumption | B127: 2456567 | C127: 2402581 | D127: 2521885 | E127: 2410211 | F127: 2156461 | G127: 2072582 | H127: 2213381 | I127: 2025833 | J127: 2001648 | K127: 1907203 | L127: 1894003.9 | M127: 2013654.3 | N127: 1978974.5 | O127: 2154792.6 | P127: 2297754 | Q127: 2292113 | R127: 2260930.7 | S127: 2154454 | T127: 2164819.4 | U127: 2126501.2 | V127: 2316772 | W127: 2142592.7 | X127: 2174537.5 | Y127: 2171021.3 | Z127: 1993235.3 | AA127: 2017086.6 | AB127: 2103301.9 | AC127: 2115118.1 | AD127: 2067341.3 | AE127: 2056888 | AF127: 1975122.4 | AG127: 2004255.6 | AH127: 1843054.3 | AI127: 1765070.2 | AJ127: 1740025.8
A128: Gross heat production | B128: 2610832 | C128: 2566393 | D128: 2733001 | E128: 2625751 | F128: 2340872 | G128: 2286786 | H128: 2440221 | I128: 2261775 | J128: 2218886 | K128: 2111280 | L128: 2091105.7 | M128: 2233767.9 | N128: 2183659.4 | O128: 2381895.8 | P128: 2561763.5 | Q128: 2556007.4 | R128: 2526677.7 | S128: 2434872 | T128: 2437608.8 | U128: 2402028.8 | V128: 2651263.1 | W128: 2438709.6 | X128: 2486942.6 | Y128: 2479953.6 | Z128: 2296754 | AA128: 2333083.7 | AB128: 2429279 | AC128: 2437462.5 | AD128: 2378363 | AE128: 2345020.2 | AF128: 2256035.3 | AG128: 2312676.9 | AH128: 2124814.7 | AI128: 2043124 | AJ128: 2015961.4
A129: Net heat production | B129: 2597891 | C129: 2542161 | D129: 2676580 | E129: 2566825 | F129: 2298399 | G129: 2244450 | H129: 2402403 | I129: 2220270 | J129: 2186382 | K129: 2083394 | L129: 2065206.7 | M129: 2198889.9 | N129: 2160604.4 | O129: 2360144.8 | P129: 2536392.5 | Q129: 2530559.4 | R129: 2497280.7 | S129: 2406660 | T129: 2416276.8 | U129: 2375390.8 | V129: 2596661.7 | W129: 2385893.1 | X129: 2436301.3 | Y129: 2428535.3 | Z129: 2245387.9 | AA129: 2282280.2 | AB129: 2379621.9 | AC129: 2390613.8 | AD129: 2327844 | AE129: 2304165.9 | AF129: 2215589 | AG129: 2269847 | AH129: 2084443.6 | AI129: 2005662.5 | AJ129: 1975360.7
A131: Special value
A132: : | B132: not available

Sheet DATA-REN
A2: Supply, transformation and consumption of renewables and wastes
A4: Data extracted on 25/06/2025 13:38:55 from [ESTAT]
A5: Dataset: | B5: Supply, transformation and consumption of renewables and wastes [nrg_cb_rw__custom_11899354]
A6: Last updated: | B6: 45832.458
A8: Time frequency | C8: Annual
A9: Unit of measure | C9: Thousand tonnes
A10: Geopolitical entity (reporting) | C10: European Union - 27 countries (from 2020)
A12: TIME | B12: TIME | C12: 1990 | D12: 1991 | E12: 1992 | F12: 1993 | G12: 1994 | H12: 1995 | I12: 1996 | J12: 1997 | K12: 1998 | L12: 1999 | M12: 2000 | N12: 2001 | O12: 2002 | P12: 2003 | Q12: 2004 | R12: 2005 | S12: 2006 | T12: 2007 | U12: 2008 | V12: 2009 | W12: 2010 | X12: 2011 | Y12: 2012 | Z12: 2013 | AA12: 2014 | AB12: 2015 | AC12: 2016 | AD12: 2017 | AE12: 2018 | AF12: 2019 | AG12: 2020 | AH12: 2021 | AI12: 2022 | AJ12: 2023 | AK12: 2024
A13: SIEC (Labels) | B13: NRG_BAL (Labels)
A14: Charcoal | B14: Indigenous production | C14: 47 | D14: 53 | E14: 59 | F14: 65 | G14: 81 | H14: 72 | I14: 73 | J14: 82 | K14: 73 | L14: 85 | M14: 87 | N14: 81 | O14: 70 | P14: 95 | Q14: 87 | R14: 79.101 | S14: 73.22 | T14: 75.149 | U14: 85.253 | V14: 123.365 | W14: 119.181 | X14: 157.564 | Y14: 158.965 | Z14: 160.714 | AA14: 153.304 | AB14: 161.637 | AC14: 154.891 | AD14: 140.076 | AE14: 119.481 | AF14: 122.075 | AG14: 122.141 | AH14: 121.556 | AI14: 140.427 | AJ14: 136.82 | AK14: 132.589
A15: Charcoal | B15: Imports | C15: 32 | D15: 34 | E15: 32 | F15: 32 | G15: 34 | H15: 35 | I15: 38 | J15: 34 | K15: 36 | L15: 36 | M15: 72 | N15: 70 | O15: 74 | P15: 216 | Q15: 239.3 | R15: 292.415 | S15: 291.298 | T15: 385.39 | U15: 383.834 | V15: 456.653 | W15: 429.508 | X15: 542.889 | Y15: 626.848 | Z15: 592.016 | AA15: 593.377 | AB15: 586.6 | AC15: 553.182 | AD15: 576.855 | AE15: 622.935 | AF15: 551.251 | AG15: 520.665 | AH15: 490.039 | AI15: 433.714 | AJ15: 448.311 | AK15: 405.445
A16: Charcoal | B16: Exports | C16: 21 | D16: 22 | E16: 20 | F16: 19 | G16: 20 | H16: 19 | I16: 22 | J16: 17 | K16: 19 | L16: 22 | M16: 18 | N16: 20 | O16: 24 | P16: 33 | Q16: 37 | R16: 66.584 | S16: 59.367 | T16: 74.931 | U16: 71.497 | V16: 85.801 | W16: 78.019 | X16: 99.268 | Y16: 131.88 | Z16: 114.435 | AA16: 105.597 | AB16: 71.828 | AC16: 75.615 | AD16: 85.159 | AE16: 66.148 | AF16: 61.228 | AG16: 71.01 | AH16: 75.985 | AI16: 59.851 | AJ16: 65.248 | AK16: 64.456
A17: Charcoal | B17: Change in stock | C17: 0 | D17: 0 | E17: 0 | F17: 0 | G17: 0 | H17: 0 | I17: 0 | J17: 0 | K17: 0 | L17: 0 | M17: 0 | N17: 0 | O17: 0 | P17: 0 | Q17: 0 | R17: 0 | S17: 0 | T17: -1 | U17: 0 | V17: -1 | W17: 1 | X17: 0 | Y17: 0 | Z17: 0 | AA17: -2 | AB17: -2 | AC17: -1 | AD17: 0.638 | AE17: -0.288 | AF17: -2.724 | AG17: -2.903 | AH17: 3.656 | AI17: -1.95 | AJ17: 1.864 | AK17: 0.152
A18: Charcoal | B18: Inland consumption - calculated | C18: 58 | D18: 65 | E18: 71 | F18: 78 | G18: 95 | H18: 88 | I18: 89 | J18: 99 | K18: 90 | L18: 99 | M18: 141 | N18: 131 | O18: 120 | P18: 278 | Q18: 289.3 | R18: 304.932 | S18: 305.151 | T18: 384.608 | U18: 397.59 | V18: 493.217 | W18: 471.67 | X18: 601.185 | Y18: 653.933 | Z18: 638.295 | AA18: 639.084 | AB18: 674.409 | AC18: 631.458 | AD18: 632.41 | AE18: 675.98 | AF18: 609.374 | AG18: 568.893 | AH18: 539.266 | AI18: 512.34 | AJ18: 521.747 | AK18: 473.73
A19: Pure biogasoline | B19: Indigenous production | C19: 0 | D19: 0 | E19: 3.5 | F19: 28.3 | G19: 38.5 | H19: 38 | I19: 60.3 | J19: 83.4 | K19: 97.9 | L19: 90.9 | M19: 92.5 | N19: 109.548 | O19: 248.75 | P19: 373.684 | Q19: 415.512 | R19: 586.277 | S19: 975.92 | T19: 1336.504 | U19: 1993.133 | V19: 2368.062 | W19: 2659.593 | X19: 2810.353 | Y19: 3246.064 | Z19: 3722.339 | AA19: 3381.896 | AB19: 3530.184 | AC19: 3443.056 | AD19: 3467.516 | AE19: 3624.997 | AF19: 3639.474 | AG19: 3512.205 | AH19: 3694.764 | AI19: 3786.73 | AJ19: 3798.077 | AK19: 4203.345
A20: Pure biogasoline | B20: Imports | C20: 0 | D20: 0 | E20: 0 | F20: 0 | G20: 0 | H20: 0 | I20: 0 | J20: 0 | K20: 0 | L20: 0 | M20: 0 | N20: 0 | O20: 1.143 | P20: 6.255 | Q20: 71.752 | R20: 351.093 | S20: 386.874 | T20: 617.378 | U20: 1158.17 | V20: 1520.045 | W20: 1805.894 | X20: 1961.986 | Y20: 1775.6 | Z20: 1371.278 | AA20: 1504.956 | AB20: 1708.073 | AC20: 1653.032 | AD20: 1793.384 | AE20: 2029.147 | AF20: 2384.142 | AG20: 2529.333 | AH20: 2722.131 | AI20: 3223.692 | AJ20: 3138.71 | AK20: 3367.979
A21: Pure biogasoline | B21: Exports | C21: 0 | D21: 0 | E21: 0 | F21: 0 | G21: 0 | H21: 0 | I21: 0 | J21: 0 | K21: 0 | L21: 0 | M21: 0 | N21: 0 | O21: 0 | P21: 0 | Q21: 11.394 | R21: 76.026 | S21: 53.749 | T21: 246.055 | U21: 486.442 | V21: 697.582 | W21: 747.803 | X21: 983.269 | Y21: 1215.634 | Z21: 1474.826 | AA21: 1371.83 | AB21: 1582.077 | AC21: 1444.727 | AD21: 1422.571 | AE21: 1531.804 | AF21: 1634.562 | AG21: 1562.838 | AH21: 1555.973 | AI21: 1632.366 | AJ21: 1431.389 | AK21: 1611.58
A22: Pure biogasoline | B22: Change in stock | C22: 0 | D22: 0 | E22: 0 | F22: 0 | G22: 0 | H22: 0 | I22: 0 | J22: 0 | K22: 0 | L22: 0 | M22: 0 | N22: 0 | O22: 0 | P22: 0 | Q22: -0.859 | R22: 12.2 | S22: -0.114 | T22: -19.731 | U22: -4.358 | V22: 16.809 | W22: -14.64 | X22: -21.905 | Y22: 24.846 | Z22: -35.281 | AA22: 39.436 | AB22: 58.43 | AC22: -7.77 | AD22: 5.283 | AE22: 5.384 | AF22: -21.931 | AG22: -112.725 | AH22: -15.275 | AI22: -49.418 | AJ22: 10.121 | AK22: 16.745
A23: Pure biogasoline | B23: Inland consumption - calculated | C23: 0 | D23: 0 | E23: 3.5 | F23: 28.3 | G23: 38.5 | H23: 38 | I23: 60.3 | J23: 83.4 | K23: 97.9 | L23: 90.9 | M23: 92.5 | N23: 109.548 | O23: 249.893 | P23: 379.939 | Q23: 475.011 | R23: 873.544 | S23: 1308.931 | T23: 1688.096 | U23: 2660.503 | V23: 3207.334 | W23: 3703.044 | X23: 3767.165 | Y23: 3830.876 | Z23: 3583.51 | AA23: 3554.458 | AB23: 3714.61 | AC23: 3643.591 | AD23: 3843.612 | AE23: 4127.724 | AF23: 4367.123 | AG23: 4365.975 | AH23: 4845.647 | AI23: 5328.638 | AJ23: 5515.519 | AK23: 5976.489
A24: Pure biodiesels | B24: Indigenous production | C24: 7.153 | D24: 7.947 | E24: 17.906 | F24: 28.394 | G24: 108.158 | H24: 213.021 | I24: 304.836 | J24: 383.88 | K24: 352.178 | L24: 418.785 | M24: 636.747 | N24: 783.828 | O24: 1035.016 | P24: 1290.535 | Q24: 1934.783 | R24: 2751.974 | S24: 3712.901 | T24: 5204.706 | U24: 6716.714 | V24: 8418.221 | W24: 9623.719 | X24: 9143.944 | Y24: 9663.772 | Z24: 10425.713 | AA24: 12272.562 | AB24: 11932.053 | AC24: 11494.328 | AD24: 12735.504 | AE24: 13391.621 | AF24: 14371.248 | AG24: 13758.396 | AH24: 14111.792 | AI24: 13550.899 | AJ24: 13822.498 | AK24: 13581.241
A25: Pure biodiesels | B25: Imports | C25: 0 | D25: 0 | E25: 0 | F25: 0 | G25: 1.6 | H25: 8.4 | I25: 8.7 | J25: 11.4 | K25: 31.415 | L25: 26.129 | M25: 11.594 | N25: 37.779 | O25: 40.04 | P25: 188.06 | Q25: 109.12 | R25: 514.31 | S25: 1319.889 | T25: 2003.871 | U25: 2752.637 | V25: 2504.383 | W25: 3691.515 | X25: 5107.998 | Y25: 5727.187 | Z25: 4613.573 | AA25: 5463.1 | AB25: 4985.06 | AC25: 5906.637 | AD25: 6642.414 | AE25: 8536.815 | AF25: 8495.795 | AG25: 9327.342 | AH25: 10019.574 | AI25: 10273.577 | AJ25: 9982.676 | AK25: 8191.447
... A38: Other liquid biofuels | B38: Inland consumption - calculated | C38: 0 | D38: 0 | E38: 2 | F38: 5 | G38: 17.597 | H38: 11.745 | I38: 6.624 | J38: 10.37 | K38: 11.366 | L38: 14.73 | M38: 17.315 | N38: 29.481 | O38: 53.81 | P38: 100.582 | Q38: 236.087 | R38: 778.868 | S38: 1625.064 | T38: 1455.234 | U38: 1219.164 | V38: 1402.147 | W38: 1566.142 | X38: 981.002 | Y38: 1035.365 | Z38: 1220.199 | AA38: 1307.5 | AB38: 1418.286 | AC38: 1438.553 | AD38: 1343.666 | AE38: 1382.604 | AF38: 1500.153 | AG38: 1485.885 | AH38: 1365.065 | AI38: 1064.405 | AJ38: 979.882 | AK38: 1122.709
A41: Data extracted on 25/06/2025 17:49:34 from [ESTAT]
A42: Dataset: | B42: Supply, transformation and consumption of renewables and wastes [NRG_CB_RW__custom_6658754]
A43: Last updated: | B43: 45832.958
A45: Time frequency | C45: Annual
A46: Unit of measure | C46: Terajoule
A47: Geopolitical entity (reporting) | C47: European Union - 27 countries (from 2020)
A49: TIME | B49: TIME | C49: 1990 | D49: 1991 | E49: 1992 | F49: 1993 | G49: 1994 | H49: 1995 | I49: 1996 | J49: 1997 | K49: 1998 | L49: 1999 | M49: 2000 | N49: 2001 | O49: 2002 | P49: 2003 | Q49: 2004 | R49: 2005 | S49: 2006 | T49: 2007 | U49: 2008 | V49: 2009 | W49: 2010 | X49: 2011 | Y49: 2012 | Z49: 2013 | AA49: 2014 | AB49: 2015 | AC49: 2016 | AD49: 2017 | AE49: 2018 | AF49: 2019 | AG49: 2020 | AH49: 2021 | AI49: 2022 | AJ49: 2023 | AK49: 2024
A50: SIEC (Labels) | B50: NRG_BAL (Labels)
A51: Geothermal | B51: Indigenous production | C51: 133276.27 | D51: 131920.27 | E51: 143148.65 | F51: 150360.65 | G51: 142663.65 | H51: 143925.65 | I51: 155823.65 | J51: 160960.65 | K51: 172364.65 | L51: 181012.73 | M51: 191962.48 | N51: 186513.48 | O51: 192757.07 | P51: 218308.77 | Q51: 221916.83 | R51: 222082.09 | S51: 229376.32 | T51: 234949.87 | U51: 234847.93 | V51: 228367.2 | W51: 229985.52 | X51: 242380.2 | Y51: 239058.13 | Z51: 249108.92 | AA51: 259147.15 | AB51: 272238.84 | AC51: 280383.15 | AD51: 283520.74 | AE51: 284081.69 | AF51: 288813.38 | AG51: 288822.11 | AH51: 284300.74 | AI51: 282806.09 | AJ51: 277189.12 | AK51: 276548.34
A52: Geothermal | B52: Imports | C52: 0 | D52: 0 | E52: 0 | F52: 0 | G52: 0 | H52: 0 | I52: 0 | J52: 0 | K52: 0 | L52: 0 | M52: 0 | N52: 0 | O52: 0 | P52: 0 | Q52: 0 | R52: 0 | S52: 0 | T52: 0 | U52: 0 | V52: 0 | W52: 0 | X52: 0 | Y52: 0 | Z52: 0 | AA52: 0 | AB52: 0 | AC52: 0 | AD52: 0 | AE52: 0 | AF52: 0 | AG52: 0 | AH52: 0 | AI52: 0 | AJ52: 0 | AK52: 0
A53: Geothermal | B53: Exports | C53: 0 | D53: 0 | E53: 0 | F53: 0 | G53: 0 | H53: 0 | I53: 0 | J53: 0 | K53: 0 | L53: 0 | M53: 0 | N53: 0 | O53: 0 | P53: 0 | Q53: 0 | R53: 0 | S53: 0 | T53: 0 | U53: 0 | V53: 0 | W53: 0 | X53: 0 | Y53: 0 | Z53: 0 | AA53: 0 | AB53: 0 | AC53: 0 | AD53: 0 | AE53: 0 | AF53: 0 | AG53: 0 | AH53: 0 | AI53: 0 | AJ53: 0 | AK53: 0
A54: Geothermal | B54: Change in stock | C54: 0 | D54: 0 | E54: 0 | F54: 0 | G54: 0 | H54: 0 | I54: 0 | J54: 0 | K54: 0 | L54: 0 | M54: 0 | N54: 0 | O54: 0 | P54: 0 | Q54: 0 | R54: 0 | S54: 0 | T54: 0 | U54: 0 | V54: 0 | W54: 0 | X54: 0 | Y54: 0 | Z54: 0 | AA54: 0 | AB54: 0 | AC54: 0 | AD54: 0 | AE54: 0 | AF54: 0 | AG54: 0 | AH54: 0 | AI54: 0 | AJ54: 0 | AK54: :
A55: Geothermal | B55: Inland consumption - calculated | C55: 133276.27 | D55: 131920.27 | E55: 143148.65 | F55: 150360.65 | G55: 142663.65 | H55: 143925.65 | I55: 155823.65 | J55: 160960.65 | K55: 172364.65 | L55: 181012.73 | M55: 191962.48 | N55: 186513.48 | O55: 192757.07 | P55: 218308.77 | Q55: 221916.83 | R55: 222082.09 | S55: 229376.32 | T55: 234949.87 | U55: 234847.93 | V55: 228367.2 | W55: 229985.52 | X55: 242380.2 | Y55: 239058.13 | Z55: 249108.92 | AA55: 259147.15 | AB55: 272238.84 | AC55: 280383.15 | AD55: 283520.74 | AE55: 284081.69 | AF55: 288813.38 | AG55: 288822.11 | AH55: 284300.74 | AI55: 282806.09 | AJ55: 277189.12 | AK55: 276548.34
A56: Solar thermal | B56: Indigenous production | C56: 6360.505 | D56: 7135.42 | E56: 7911.537 | F56: 8549.692 | G56: 9311.127 | H56: 11413.997 | I56: 12362.747 | J56: 14664.636 | K56: 16082.657 | L56: 17510.174 | M56: 20007.214 | N56: 21754.175 | O56: 23508.217 | P56: 27001.993 | Q56: 28303.516 | R56: 30793.872 | S56: 34981.645 | T56: 40044.427 | U56: 46844.091 | V56: 56123.896 | W56: 75256.174 | X56: 91150.451 | Y56: 136270.82 | Z56: 156213.1 | AA56: 172679.1 | AB56: 179866.85 | AC56: 182416.92 | AD56: 190457.19 | AE56: 180503.41 | AF56: 195450.24 | AG56: 188429.31 | AH56: 163153.99 | AI56: 163717.55 | AJ56: 169733.45 | AK56: 162773.47
A57: Solar thermal | B57: Imports | C57: 0 | D57: 0 | E57: 0 | F57: 0 | G57: 0 | H57: 0 | I57: 0 | J57: 0 | K57: 0 | L57: 0 | M57: 0 | N57: 0 | O57: 0 | P57: 0 | Q57: 0 | R57: 0 | S57: 0 | T57: 0 | U57: 0 | V57: 0 | W57: 0 | X57: 0 | Y57: 0 | Z57: 0 | AA57: 0 | AB57: 0 | AC57: 0 | AD57: 0 | AE57: 0 | AF57: 0 | AG57: 0 | AH57: 0 | AI57: 0 | AJ57: 0 | AK57: 0
A58: Solar thermal | B58: Exports | C58: 0 | D58: 0 | E58: 0 | F58: 0 | G58: 0 | H58: 0 | I58: 0 | J58: 0 | K58: 0 | L58: 0 | M58: 0 | N58: 0 | O58: 0 | P58: 0 | Q58: 0 | R58: 0 | S58: 0 | T58: 0 | U58: 0 | V58: 0 | W58: 0 | X58: 0 | Y58: 0 | Z58: 0 | AA58: 0 | AB58: 0 | AC58: 0 | AD58: 0 | AE58: 0 | AF58: 0 | AG58: 0 | AH58: 0 | AI58: 0 | AJ58: 0 | AK58: 0
A59: Solar thermal | B59: Change in stock | C59: 0 | D59: 0 | E59: 0 | F59: 0 | G59: 0 | H59: 0 | I59: 0 | J59: 0 | K59: 0 | L59: 0 | M59: 0 | N59: 0 | O59: 0 | P59: 0 | Q59: 0 | R59: 0 | S59: 0 | T59: 0 | U59: 0 | V59: 0 | W59: 0 | X59: 0 | Y59: 0 | Z59: 0 | AA59: 0 | AB59: 0 | AC59: 0 | AD59: 0 | AE59: 0 | AF59: 0 | AG59: 0 | AH59: 0 | AI59: 0 | AJ59: 0 | AK59: :
A60: Solar thermal | B60: Inland consumption - calculated | C60: 6360.505 | D60: 7135.42 | E60: 7911.537 | F60: 8549.692 | G60: 9311.127 | H60: 11413.997 | I60: 12362.747 | J60: 14664.636 | K60: 16082.657 | L60: 17510.174 | M60: 20007.214 | N60: 21754.175 | O60: 23508.217 | P60: 27001.993 | Q60: 28303.516 | R60: 30793.872 | S60: 34981.645 | T60: 40044.427 | U60: 46844.091 | V60: 56123.896 | W60: 75256.174 | X60: 91150.451 | Y60: 136270.82 | Z60: 156213.1 | AA60: 172679.1 | AB60: 179866.85 | AC60: 182416.92 | AD60: 190457.19 | AE60: 180503.41 | AF60: 195450.24 | AG60: 188429.31 | AH60: 163153.99 | AI60: 163717.55 | AJ60: 169733.45 | AK60: 162773.47
A61: Ambient heat (heat pumps) | B61: Indigenous production | C61: 2267 | D61: 2220.361 | E61: 2341.903 | F61: 2533.723 | G61: 2635.893 | H61: 2779.749 | I61: 2895.425 | J61: 3080.397 | K61: 3284.119 | L61: 3429.503 | M61: 3594.852 | N61: 3773.284 | O61: 4009.039 | P61: 11717.889 | Q61: 17592.67 | R61: 26426.292 | S61: 35979.945 | T61: 47548.22 | U61: 63563.313 | V61: 79890.896 | W61: 99539.876 | X61: 160769.89 | Y61: 184221.77 | Z61: 201753.9 | AA61: 238301.65 | AB61: 263249.82 | AC61: 297284.17 | AD61: 462543.13 | AE61: 492535.88 | AF61: 527160.81 | AG61: 558870.14 | AH61: 639473.1 | AI61: 696277.15 | AJ61: 776628.58 | AK61: 816075.72
A62: Ambient heat (heat pumps) | B62: Imports | C62: : | D62: : | E62: : | F62: : | G62: : | H62: : | I62: : | J62: : | K62: : | L62: : | M62: : | N62: : | O62: : | P62: : | Q62: : | R62: : | S62: : | T62: : | U62: : | V62: : | W62: : | X62: : | Y62: : | Z62: : | AA62: : | AB62: : | AC62: : | AD62: : | AE62: : | AF62: : | AG62: : | AH62: : | AI62: : | AJ62: : | AK62: :
A63: Ambient heat (heat pumps) | B63: Exports | C63: : | D63: : | E63: : | F63: : | G63: : | H63: : | I63: : | J63: : | K63: : | L63: : | M63: : | N63: : | O63: : | P63: : | Q63: : | R63: : | S63: : | T63: : | U63: : | V63: : | W63: : | X63: : | Y63: : | Z63: : | AA63: : | AB63: : | AC63: : | AD63: : | AE63: : | AF63: : | AG63: : | AH63: : | AI63: : | AJ63: : | AK63: :
A64: Ambient heat (heat pumps) | B64: Change in stock | C64: : | D64: : | E64: : | F64: : | G64: : | H64: : | I64: : | J64: : | K64: : | L64: : | M64: : | N64: : | O64: : | P64: : | Q64: : | R64: : | S64: : | T64: : | U64: : | V64: : | W64: : | X64: : | Y64: : | Z64: : | AA64: : | AB64: : | AC64: : | AD64: : | AE64: : | AF64: : | AG64: : | AH64: : | AI64: : | AJ64: : | AK64: :
A65: Ambient heat (heat pumps) | B65: Inland consumption - calculated | C65: : | D65: : | E65: : | F65: : | G65: : | H65: : | I65: : | J65: : | K65: : | L65: : | M65: : | N65: : | O65: : | P65: : | Q65: : | R65: : | S65: : | T65: : | U65: : | V65: : | W65: : | X65: : | Y65: : | Z65: : | AA65: : | AB65: : | AC65: : | AD65: : | AE65: : | AF65: : | AG65: : | AH65: : | AI65: : | AJ65: : | AK65: :
A66: Primary solid biofuels | B66: Indigenous production | C66: 1687902 | D66: 1761418.3 | E66: 1773824 | F66: 1915024 | G66: 1895696.6 | H66: 1963830.5 | I66: 2085259.3 | J66: 2172811 | K66: 2202217.3 | L66: 2187978.9 | M66: 2230447.7 | N66: 2239030.8 | O66: 2302084.7 | P66: 2580672.2 | Q66: 2654281 | R66: 2830572.7 | S66: 2940070.5 | T66: 3095349.8 | U66: 3288538.9 | V66: 3337876.5 | W66: 3668110.8 | X66: 3453558.7 | Y66: 3787597.7 | Z66: 3818827.4 | AA66: 3575890.6 | AB66: 3738738 | AC66: 3768073.4 | AD66: 3805257.9 | AE66: 3922432.2 | AF66: 3977228.6 | AG66: 3909394.3 | AH66: 4221808.5 | AI66: 4100781.3 | AJ66: 3935065.2 | AK66: 3920620.4
A67: Primary solid biofuels | B67: Imports | C67: 9541 | D67: 12511 | E67: 12485 | F67: 15598 | G67: 18138 | H67: 18945 | I67: 20474 | J67: 24022 | K67: 25365 | L67: 26171 | M67: 32469 | N67: 38681 | O67: 50851 | P67: 66406 | Q67: 85946.987 | R67: 106900.13 | S67: 136153.92 | T67: 147028.26 | U67: 141231.26 | V67: 172026.71 | W67: 206334.59 | X67: 220906.24 | Y67: 221427.95 | Z67: 261206.73 | AA67: 291626.61 | AB67: 263144.96 | AC67: 270062.93 | AD67: 280449.61 | AE67: 302849.45 | AF67: 312743.2 | AG67: 342790.13 | AH67: 386509.76 | AI67: 320370.8 | AJ67: 282210.6 | AK67: 285823.63
A68: Primary solid biofuels | B68: Exports | C68: 3369 | D68: 2232 | E68: 2538 | F68: 2454 | G68: 5963 | H68: 7548 | I68: 8733 | J68: 17194 | K68: 21875 | L68: 21025 | M68: 20214 | N68: 27498 | O68: 34960 | P68: 58296 | Q68: 69596.243 | R68: 65551.877 | S68: 78316.065 | T68: 85679.079 | U68: 83388.21 | V68: 88846.606 | W68: 109187.03 | X68: 121413.41 | Y68: 137157.62 | Z68: 156800.06 | AA68: 173497.84 | AB68: 185828.18 | AC68: 187853.92 | AD68: 187749.66 | AE68: 200207.93 | AF68: 218987.29 | AG68: 218536.04 | AH68: 241668.86 | AI68: 212501.36 | AJ68: 194499.95 | AK68: 212278.2
A69: Primary solid biofuels | B69: Change in stock | C69: 7924 | D69: 10626 | E69: 2915 | F69: 1940 | G69: 352 | H69: -5 | I69: -1095 | J69: 474 | K69: 1337 | L69: -2999 | M69: -498 | N69: 3378 | O69: 1059 | P69: -787 | Q69: -1368 | R69: -2418.998 | S69: -2838.818 | T69: -1832.328 | U69: -2586.06 | V69: -6075.5 | W69: 4467.333 | X69: -7781.071 | Y69: -3208.721 | Z69: 5282.933 | AA69: -2791.184 | AB69: -2172.199 | AC69: 392.322 | AD69: 5936.841 | AE69: -9558.479 | AF69: -2698.899 | AG69: -8187.645 | AH69: 9368.189 | AI69: -5629.113 | AJ69: -12438.89 | AK69: 6044.154
A70: Primary solid biofuels | B70: Inland consumption - calculated | C70: 1701998 | D70: 1782323.3 | E70: 1786686 | F70: 1930108 | G70: 1908223.6 | H70: 1975222.5 | I70: 2095905.3 | J70: 2180113 | K70: 2207044.3 | L70: 2190125.9 | M70: 2242204.7 | N70: 2253591.8 | O70: 2319034.7 | P70: 2587995.2 | Q70: 2669263.8 | R70: 2869501.9 | S70: 2995069.5 | T70: 3154866.6 | U70: 3343795.8 | V70: 3414981.1 | W70: 3769725.7 | X70: 3545270.4 | Y70: 3868659.3 | Z70: 3928517 | AA70: 3691228.2 | AB70: 3813882.5 | AC70: 3850674.7 | AD70: 3903894.7 | AE70: 4015515.2 | AF70: 4068285.6 | AG70: 4025460.7 | AH70: 4376017.6 | AI70: 4203021.7 | AJ70: 4010337 | AK70: 4000210
A71: Biogases | B71: Indigenous production | C71: 19637 | D71: 20411 | E71: 23667 | F71: 27455 | G71: 29063 | H71: 32752 | I71: 36883 | J71: 42991 | K71: 44806 | L71: 45819 | M71: 57626.741 | N71: 74215.661 | O71: 98368.502 | P71: 94192.462 | Q71: 98145.148 | R71: 112199.63 | S71: 127120.62 | T71: 181405.08 | U71: 215667.11 | V71: 248451.93 | W71: 292896.39 | X71: 362543.47 | Y71: 430811.23 | Z71: 497146.32 | AA71: 530262.67 | AB71: 550612.4 | AC71: 568307.86 | AD71: 581091.41 | AE71: 579512.9 | AF71: 591485.17 | AG71: 613906.63 | AH71: 651488.42 | AI71: 662059.48 | AJ71: 661071.04 | AK71: 684535.03
A72: Biogases | B72: Imports | C72: 0 | D72: 0 | E72: 0 | F72: 0 | G72: 0 | H72: 0 | I72: 0 | J72: 0 | K72: 0 | L72: 0 | M72: 0 | N72: 0 | O72: 0 | P72: 0 | Q72: 0 | R72: 0 | S72: 0 | T72: 0 | U72: 0 | V72: 0 | W72: 19.3 | X72: 82.4 | Y72: 79.1 | Z72: 0 | AA72: 0 | AB72: 0 | AC72: 0 | AD72: 0 | AE72: 0 | AF72: 0 | AG72: 0 | AH72: 0 | AI72: 0 | AJ72: 0 | AK72: 0
A73: Biogases | B73: Exports | C73: 0 | D73: 0 | E73: 0 | F73: 0 | G73: 0 | H73: 0 | I73: 0 | J73: 0 | K73: 0 | L73: 0 | M73: 0 | N73: 0 | O73: 0 | P73: 0 | Q73: 0 | R73: 0 | S73: 0 | T73: 0 | U73: 0 | V73: 0 | W73: 0 | X73: 0 | Y73: 0 | Z73: 0 | AA73: 0 | AB73: 0 | AC73: 0 | AD73: 0 | AE73: 0 | AF73: 0 | AG73: 0 | AH73: 0 | AI73: 0 | AJ73: 0 | AK73: 0
A74: Biogases | B74: Change in stock | C74: 0 | D74: 0 | E74: 0 | F74: 0 | G74: 0 | H74: 0 | I74: 0 | J74: 27 | K74: 0 | L74: 0 | M74: 0 | N74: 0 | O74: 0 | P74: 0 | Q74: 0 | R74: 0 | S74: 0 | T74: 0 | U74: 0 | V74: 0 | W74: 0 | X74: 0 | Y74: 0 | Z74: 0 | AA74: 0 | AB74: 0 | AC74: 0 | AD74: 0 | AE74: 0 | AF74: 0 | AG74: 0 | AH74: 0 | AI74: -66.848 | AJ74: 0 | AK74: 0
A75: Biogases | B75: Inland consumption - calculated | C75: 19637 | D75: 20411 | E75: 23667 | F75: 27455 | G75: 29063 | H75: 32752 | I75: 36883 | J75: 43018 | K75: 44806 | L75: 45819 | M75: 57626.741 | N75: 74215.661 | O75: 98368.502 | P75: 94192.462 | Q75: 98145.148 | R75: 112199.63 | S75: 127120.62 | T75: 181405.08 | U75: 215667.11 | V75: 248451.93 | W75: 292915.69 | X75: 362625.88 | Y75: 430890.33 | Z75: 497146.32 | AA75: 530262.67 | AB75: 550612.4 | AC75: 568307.86 | AD75: 581091.41 | AE75: 579512.9 | AF75: 591485.17 | AG75: 613906.63 | AH75: 651488.42 | AI75: 661992.63 | AJ75: 661071.04 | AK75: 684535.03
A76: Industrial waste (non-renewable) | B76: Indigenous production | C76: 72986 | D76: 77443 | E76: 94731 | F76: 90063 | G76: 104941 | H76: 124544 | I76: 118612 | J76: 118509 | K76: 108005 | L76: 92263 | M76: 98795.442 | N76: 116474.71 | O76: 106744.65 | P76: 52919.431 | Q76: 58061.388 | R76: 52484.764 | S76: 58477.114 | T76: 66475.181 | U76: 97306.448 | V76: 128203.52 | W76: 144249.17 | X76: 162891.68 | Y76: 160776.85 | Z76: 152725.6 | AA76: 164010.47 | AB76: 172766.1 | AC76: 189477.27 | AD76: 181124.41 | AE76: 190291.98 | AF76: 195121.86 | AG76: 199040.52 | AH76: 202382.6 | AI76: 201853.56 | AJ76: 198727.03 | AK76: 192398.1
A77: Industrial waste (non-renewable) | B77: Imports | C77: 0 | D77: 0 | E77: 0 | F77: 0 | G77: 0 | H77: 0 | I77: 0 | J77: 0 | K77: 0 | L77: 0 | M77: 0 | N77: 0 | O77: 23 | P77: 24 | Q77: 0 | R77: 7 | S77: 15 | T77: 157 | U77: 278 | V77: 113 | W77: 2475.3 | X77: 4797.4 | Y77: 2811.4 | Z77: 3750.8 | AA77: 3468.8 | AB77: 4566.1 | AC77: 4908.7 | AD77: 4742.794 | AE77: 5622.245 | AF77: 6760.178 | AG77: 7268.902 | AH77: 7548.901 | AI77: 6737.179 | AJ77: 6735.579 | AK77: 6216.502
... A90: Non-renewable municipal waste | B90: Inland consumption - calculated | C90: 82943 | D90: 86539 | E90: 88579 | F90: 92161 | G90: 93633 | H90: 105464 | I90: 114913 | J90: 121922 | K90: 127544 | L90: 140296 | M90: 146932.94 | N90: 155384.24 | O90: 158168.93 | P90: 200485.06 | Q90: 216333.89 | R90: 248344.64 | S90: 272830.21 | T90: 284619.49 | U90: 283598.99 | V90: 290727.18 | W90: 300351.39 | X90: 307256.93 | Y90: 316287.03 | Z90: 344183.17 | AA90: 356004.69 | AB90: 357358.41 | AC90: 382033.41 | AD90: 393268.06 | AE90: 385640.23 | AF90: 390230.39 | AG90: 394269.81 | AH90: 399305.26 | AI90: 394295.42 | AJ90: 378153.68 | AK90: 389243.05
A92: Special value
B93: not available

Sheet T-COAL&GAS
B1: Table 1: Natural gas production, trade and supply in the EU
D2: 2019 | E2: 2020 | F2: 2021 | G2: 2022 | H2: 2023 | I2: 2024 preliminary | K2: 23>24 | L2: 19-21>24
B3: TJ GCV | C3: Indigenous production | D3: ='DATA-GAS'!AF50 -> 2423437.7 | E3: ='DATA-GAS'!AG50 -> 1914794 | F3: ='DATA-GAS'!AH50 -> 1761550.3 | G3: ='DATA-GAS'!AI50 -> 1620697.5 | H3: ='DATA-GAS'!AJ50 -> 1361966.1 | I3: ='DATA-GAS'!AK50 -> 1293679.9 | K3: =I3/H3-1 -> -0.05013792 | L3: =I3/AVERAGE(D3:F3)-1 -> -0.36374122
B4: TJ GCV | C4: Transfer from other sources | D4: ='DATA-GAS'!AF51 -> 25399.144 | E4: ='DATA-GAS'!AG51 -> 38526.52 | F4: ='DATA-GAS'!AH51 -> 94350.95 | G4: ='DATA-GAS'!AI51 -> 113138.93 | H4: ='DATA-GAS'!AJ51 -> 132387.2 | I4: ='DATA-GAS'!AK51 -> 148226.98 | K4: =I4/H4-1 -> 0.11964731 | L4: =I4/AVERAGE(D4:F4)-1 -> 1.8095176
B5: TJ GCV | C5: Imports | D5: ='DATA-GAS'!AF52 -> 15517168 | E5: ='DATA-GAS'!AG52 -> 13933711 | F5: ='DATA-GAS'!AH52 -> 14441689 | G5: ='DATA-GAS'!AI52 -> 15607786 | H5: ='DATA-GAS'!AJ52 -> 13916864 | I5: ='DATA-GAS'!AK52 -> 12940407 | K5: =I5/H5-1 -> -0.070163577 | L5: =I5/AVERAGE(D5:F5)-1 -> -0.11554001
B6: TJ GCV | C6: Exports | D6: ='DATA-GAS'!AF53 -> 1539094.1 | E6: ='DATA-GAS'!AG53 -> 1228477 | F6: ='DATA-GAS'!AH53 -> 1241603.7 | G6: ='DATA-GAS'!AI53 -> 2247613 | H6: ='DATA-GAS'!AJ53 -> 2491951.7 | I6: ='DATA-GAS'!AK53 -> 2092109.7 | K6: =I6/H6-1 -> -0.16045336 | L6: =I6/AVERAGE(D6:F6)-1 -> 0.5654915
B7: TJ GCV | C7: Net imports | D7: =D5-D6 -> 13978074 | E7: =E5-E6 -> 12705234 | F7: =F5-F6 -> 13200085 | G7: =G5-G6 -> 13360174 | H7: =H5-H6 -> 11424912 | I7: =I5-I6 -> 10848297 | K7: =I7/H7-1 -> -0.050469966 | L7: =I7/AVERAGE(D7:F7)-1 -> -0.18399894
B8: TJ GCV | C8: Change in stock | D8: ='DATA-GAS'!AF54 -> -814437.17 | E8: ='DATA-GAS'!AG54 -> 578510.92 | F8: ='DATA-GAS'!AH54 -> 818154.36 | G8: ='DATA-GAS'!AI54 -> -1293949.6 | H8: ='DATA-GAS'!AJ54 -> -91658.455 | I8: ='DATA-GAS'!AK54 -> 583653.61
B9: TJ GCV | C9: International marine bunkers | D9: ='DATA-GAS'!AF55 -> 6673.813 | E9: ='DATA-GAS'!AG55 -> 8410.056 | F9: ='DATA-GAS'!AH55 -> 12304.79 | G9: ='DATA-GAS'!AI55 -> 7177.079 | H9: ='DATA-GAS'!AJ55 -> 20214.958 | I9: ='DATA-GAS'!AK55 -> 37536.279 | K9: =I9/H9-1 -> 0.85685664 | L9: =I9/AVERAGE(D9:F9)-1 -> 3.1115133
B10: TJ GCV | C10: Inland consumption (calculated) | D10: ='DATA-GAS'!AF56 -> 15605800 | E10: ='DATA-GAS'!AG56 -> 15228655 | F10: ='DATA-GAS'!AH56 -> 15848814 | G10: ='DATA-GAS'!AI56 -> 13804329 | H10: ='DATA-GAS'!AJ56 -> 12795757 | I10: ='DATA-GAS'!AK56 -> 12836321 | K10: =I10/H10-1 -> 0.0031701521 | L10: =I10/AVERAGE(D10:F10)-1 -> -0.17510139 | M10: =I10/G10-1 -> -0.070123513
B11: Notes: Data extracted on 25 June 2025
B12: Source: Eurostat (online data code: nrg_cb_gas)
B15: Table 2: Inland consumption of solid fossil fuels and manufactured gases in the EU
B16: Inland consumption (calculated) | D16: 2019 | E16: 2020 | F16: 2021 | G16: 2022 | H16: 2023 | I16: 2024 preliminary | K16: 23>24 | L16: 19-21>24
B17: kt | C17: Anthracite | D17: ='DATA-COAL'!AF35 -> 3236.106 | E17: ='DATA-COAL'!AG35 -> 2464.344 | F17: ='DATA-COAL'!AH35 -> 2846.34 | G17: ='DATA-COAL'!AI35 -> 2306.19 | H17: ='DATA-COAL'!AJ35 -> 1247.789 | I17: ='DATA-COAL'!AK35 -> 1029.545 | K17: =I17/H17-1 -> -0.17490457 | L17: =I17/AVERAGE(D17:F17)-1 -> -0.63862046 | M17: =I17-H17 -> -218.244
B18: kt | C18: Coking coal | D18: ='DATA-COAL'!AF42 -> 48334.865 | E18: ='DATA-COAL'!AG42 -> 42830.242 | F18: ='DATA-COAL'!AH42 -> 43872.608 | G18: ='DATA-COAL'!AI42 -> 43223.938 | H18: ='DATA-COAL'!AJ42 -> 40759.252 | I18: ='DATA-COAL'!AK42 -> 38886.436 | K18: =I18/H18-1 -> -0.045948243 | L18: =I18/AVERAGE(D18:F18)-1 -> -0.13609833 | M18: =I18-H18 -> -1872.816
B19: kt | C19: Other bituminous coal | D19: ='DATA-COAL'!AF49 -> 127271.02 | E19: ='DATA-COAL'!AG49 -> 99583.24 | F19: ='DATA-COAL'!AH49 -> 119495.07 | G19: ='DATA-COAL'!AI49 -> 118120.03 | H19: ='DATA-COAL'!AJ49 -> 86726.122 | I19: ='DATA-COAL'!AK49 -> 71007.871 | K19: =I19/H19-1 -> -0.1812401 | L19: =I19/AVERAGE(D19:F19)-1 -> -0.38494581 | M19: =I19-H19 -> -15718.251
B20: kt | C20: Sub-bituminous coal | D20: ='DATA-COAL'!AF63 -> 2038.649 | E20: ='DATA-COAL'!AG63 -> 1224.053 | F20: ='DATA-COAL'!AH63 -> 1133.887 | G20: ='DATA-COAL'!AI63 -> 1039.02 | H20: ='DATA-COAL'!AJ63 -> 743.369 | I20: ='DATA-COAL'!AK63 -> 673.218 | K20: =I20/H20-1 -> -0.094369015 | L20: =I20/AVERAGE(D20:F20)-1 -> -0.54063161 | M20: =I20-H20 -> -70.151
B21: kt | C21: Lignite | D21: ='DATA-COAL'!AF70 -> 306436.8 | E21: ='DATA-COAL'!AG70 -> 246590.58 | F21: ='DATA-COAL'!AH70 -> 277583.49 | G21: ='DATA-COAL'!AI70 -> 292775.21 | H21: ='DATA-COAL'!AJ70 -> 220676.54 | I21: ='DATA-COAL'!AK70 -> 198628.88 | K21: =I21/H21-1 -> -0.099909383 | L21: =I21/AVERAGE(D21:F21)-1 -> -0.28259229 | M21: =I21-H21 -> -22047.657
B22: kt | C22: Coke oven coke | D22: ='DATA-COAL'!AF77 -> 32872.097 | E22: ='DATA-COAL'!AG77 -> 28101.353 | F22: ='DATA-COAL'!AH77 -> 32983.071 | G22: ='DATA-COAL'!AI77 -> 31298.304 | H22: ='DATA-COAL'!AJ77 -> 28076.266 | I22: ='DATA-COAL'!AK77 -> 28456.324 | K22: =I22/H22-1 -> 0.013536629 | L22: =I22/AVERAGE(D22:F22)-1 -> -0.09139918 | M22: =I22-H22 -> 380.058
B23: kt | C23: Gas coke | D23: ='DATA-COAL'!AE84 -> 0 | E23: ='DATA-COAL'!AF84 -> 0 | F23: ='DATA-COAL'!AG84 -> 0 | G23: ='DATA-COAL'!AH84 -> 0 | H23: ='DATA-COAL'!AI84 -> 0 | I23: ='DATA-COAL'!AJ84 -> 0 | K23: =I23/H23-1 -> #DIV/0! | L23: =I23/AVERAGE(D23:F23)-1 -> #DIV/0! | M23: =I23-H23 -> 0
B24: kt | C24: Patent fuel | D24: ='DATA-COAL'!AF91 -> 102.187 | E24: ='DATA-COAL'!AG91 -> 81.009 | F24: ='DATA-COAL'!AH91 -> 87.256 | G24: ='DATA-COAL'!AI91 -> 119.95 | H24: ='DATA-COAL'!AJ91 -> 64.549 | I24: ='DATA-COAL'!AK91 -> 63.896 | K24: =I24/H24-1 -> -0.010116346 | L24: =I24/AVERAGE(D24:F24)-1 -> -0.29123098 | M24: =I24-H24 -> -0.653
B25: kt | C25: Brown coal briquettes | D25: ='DATA-COAL'!AF98 -> 6047.567 | E25: ='DATA-COAL'!AG98 -> 5502.422 | F25: ='DATA-COAL'!AH98 -> 5954.385 | G25: ='DATA-COAL'!AI98 -> 5383.206 | H25: ='DATA-COAL'!AJ98 -> 4287.091 | I25: ='DATA-COAL'!AK98 -> 3953.646 | K25: =I25/H25-1 -> -0.077778848 | L25: =I25/AVERAGE(D25:F25)-1 -> -0.32240148 | M25: =I25-H25 -> -333.445
B26: kt | C26: Coal tar | D26: ='DATA-COAL'!AF105 -> 1066.975 | E26: ='DATA-COAL'!AG105 -> 898.784 | F26: ='DATA-COAL'!AH105 -> 824.06 | G26: ='DATA-COAL'!AI105 -> 791.204 | H26: ='DATA-COAL'!AJ105 -> 758.998 | I26: ='DATA-COAL'!AK105 -> 679.367 | K26: =I26/H26-1 -> -0.10491595 | L26: =I26/AVERAGE(D26:F26)-1 -> -0.26945046 | M26: =I26-H26 -> -79.631
B27: TJ GCV | C27: Coke oven gas | D27: ='DATA-GAS'!AF28 -> 266599.74 | E27: ='DATA-GAS'!AG28 -> 242473.14 | F27: ='DATA-GAS'!AH28 -> 263411.61 | G27: ='DATA-GAS'!AI28 -> 247161.21 | H27: ='DATA-GAS'!AJ28 -> 242472.7 | I27: ='DATA-GAS'!AK28 -> 216582.64 | K27: =I27/H27-1 -> -0.10677514 | L27: =I27/AVERAGE(D27:F27)-1 -> -0.1588855 | M27: =I27-H27 -> -25890.057
B28: TJ GCV | C28: Gas works gas | D28: ='DATA-GAS'!AF35 -> 15917.089 | E28: ='DATA-GAS'!AG35 -> 11968.83 | F28: ='DATA-GAS'!AH35 -> 2646.456 | G28: ='DATA-GAS'!AI35 -> 2638.007 | H28: ='DATA-GAS'!AJ35 -> 2580.204 | I28: ='DATA-GAS'!AK35 -> 0 | K28: =I28/H28-1 -> -1 | L28: =I28/AVERAGE(D28:F28)-1 -> -1 | M28: =I28-H28 -> -2580.204
B29: TJ GCV | C29: Blast furnace gas | D29: ='DATA-GAS'!AF42 -> 451736.37 | E29: ='DATA-GAS'!AG42 -> 376744.68 | F29: ='DATA-GAS'!AH42 -> 442021.42 | G29: ='DATA-GAS'!AI42 -> 400971.52 | H29: ='DATA-GAS'!AJ42 -> 373347.18 | I29: ='DATA-GAS'!AK42 -> 382849.98 | K29: =I29/H29-1 -> 0.025452979 | L29: =I29/AVERAGE(D29:F29)-1 -> -0.095987632 | M29: =I29-H29 -> 9502.798
B30: TJ GCV | C30: Other recovered gases | D30: ='DATA-GAS'!AF49 -> 52316.86 | E30: ='DATA-GAS'!AG49 -> 45066.936 | F30: ='DATA-GAS'!AH49 -> 45692.292 | G30: ='DATA-GAS'!AI49 -> 44827.114 | H30: ='DATA-GAS'!AJ49 -> 41851.815 | I30: ='DATA-GAS'!AK49 -> 41374.59 | K30: =I30/H30-1 -> -0.011402731 | L30: =I30/AVERAGE(D30:F30)-1 -> -0.13246321 | M30: =I30-H30 -> -477.225
B31: kt | C31: Peat | D31: ='DATA-COAL'!AF112 -> 8925.904 | E31: ='DATA-COAL'!AG112 -> 6424.579 | F31: ='DATA-COAL'!AH112 -> 5135.074 | G31: ='DATA-COAL'!AI112 -> 4833.194 | H31: ='DATA-COAL'!AJ112 -> 3530.298 | I31: ='DATA-COAL'!AK112 -> 2590.558 | K31: =I31/H31-1 -> -0.26619283 | L31: =I31/AVERAGE(D31:F31)-1 -> -0.62062667 | M31: =I31-H31 -> -939.74
B32: kt | C32: Peat products | D32: ='DATA-COAL'!AF119 -> 189.135 | E32: ='DATA-COAL'!AG119 -> 188.479 | F32: ='DATA-COAL'!AH119 -> 171.39 | G32: ='DATA-COAL'!AI119 -> 138.226 | H32: ='DATA-COAL'!AJ119 -> 68.61 | I32: ='DATA-COAL'!AK119 -> 26.926 | K32: =I32/H32-1 -> -0.60754992 | L32: =I32/AVERAGE(D32:F32)-1 -> -0.85286446 | M32: =I32-H32 -> -41.684
B33: kt | C33: Oil shale and oil sands | D33: ='DATA-COAL'!AF126 -> 15285.272 | E33: ='DATA-COAL'!AG126 -> 12072.18 | F33: ='DATA-COAL'!AH126 -> 13186.23 | G33: ='DATA-COAL'!AI126 -> 15059.668 | H33: ='DATA-COAL'!AJ126 -> 12031.133 | I33: ='DATA-COAL'!AK126 -> 10862.142 | K33: =I33/H33-1 -> -0.097163833 | L33: =I33/AVERAGE(D33:F33)-1 -> -0.19626377 | M33: =I33-H33 -> -1168.991
B34: Notes: Data extracted on 25 June 2025
B35: Source: Eurostat (online data codes: nrg_cb_sff, nrg_cb_gas)
B37: Table 3: Hard coal production, trade and supply in the EU
D38: 2019 | E38: 2020 | F38: 2021 | G38: 2022 | H38: 2023 | I38: 2024 preliminary | K38: 23>24 | L38: 19-21>24
B39: kt | C39: Indigenous production | D39: ='DATA-COAL'!AF22 -> 65055.503 | E39: ='DATA-COAL'!AG22 -> 56531.347 | F39: ='DATA-COAL'!AH22 -> 57185.259 | G39: ='DATA-COAL'!AI22 -> 54512.515 | H39: ='DATA-COAL'!AJ22 -> 49721.789 | I39: ='DATA-COAL'!AK22 -> 45295.836 | K39: =I39/H39-1 -> -0.089014355 | L39: =I39/AVERAGE(D39:F39)-1 -> -0.23988418
B40: kt | C40: Transfer from other sources | D40: ='DATA-COAL'!AF23 -> 578.128 | E40: ='DATA-COAL'!AG23 -> 393.112 | F40: ='DATA-COAL'!AH23 -> 370.644 | G40: ='DATA-COAL'!AI23 -> 378.529 | H40: ='DATA-COAL'!AJ23 -> 380.392 | I40: ='DATA-COAL'!AK23 -> 408.213 | K40: =I40/H40-1 -> 0.073137711 | L40: =I40/AVERAGE(D40:F40)-1 -> -0.087373424
B41: kt | C41: Imports | D41: ='DATA-COAL'!AF24 -> 125433.08 | E41: ='DATA-COAL'!AG24 -> 87708.301 | F41: ='DATA-COAL'!AH24 -> 104243.96 | G41: ='DATA-COAL'!AI24 -> 126737.11 | H41: ='DATA-COAL'!AJ24 -> 92422.554 | I41: ='DATA-COAL'!AK24 -> 67644.111 | K41: =I41/H41-1 -> -0.26809953 | L41: =I41/AVERAGE(D41:F41)-1 -> -0.36061214
B42: kt | C42: Exports | D42: ='DATA-COAL'!AF25 -> 7929.965 | E42: ='DATA-COAL'!AG25 -> 8304.125 | F42: ='DATA-COAL'!AH25 -> 10187.777 | G42: ='DATA-COAL'!AI25 -> 8772.614 | H42: ='DATA-COAL'!AJ25 -> 10291.62 | I42: ='DATA-COAL'!AK25 -> 7885.895 | K42: =I42/H42-1 -> -0.23375572 | L42: =I42/AVERAGE(D42:F42)-1 -> -0.10461721
B43: kt | C43: Net imports | D43: =D41-D42 -> 117503.12 | E43: =E41-E42 -> 79404.176 | F43: =F41-F42 -> 94056.18 | G43: =G41-G42 -> 117964.49 | H43: =H41-H42 -> 82130.934 | I43: =I41-I42 -> 59758.216 | K43: =I43/H43-1 -> -0.27240306 | L43: =I43/AVERAGE(D43:F43)-1 -> -0.38385858
B44: kt | C44: Change in stock | D44: ='DATA-COAL'!AF26 -> -4294.753 | E44: ='DATA-COAL'!AG26 -> 8549.191 | F44: ='DATA-COAL'!AH26 -> 14601.94 | G44: ='DATA-COAL'!AI26 -> -9205.383 | H44: ='DATA-COAL'!AJ26 -> -3499.952 | I44: ='DATA-COAL'!AK26 -> 5461.588
B45: kt | C45: Inland consumption (calculated) | D45: ='DATA-COAL'!AF28 -> 178842 | E45: ='DATA-COAL'!AG28 -> 144877.83 | F45: ='DATA-COAL'!AH28 -> 166214.02 | G45: ='DATA-COAL'!AI28 -> 163650.15 | H45: ='DATA-COAL'!AJ28 -> 128733.16 | I45: ='DATA-COAL'!AK28 -> 110923.85 | K45: =I45/H45-1 -> -0.13834284 | L45: =I45/AVERAGE(D45:F45)-1 -> -0.32078267
B46: Notes: Data extracted on 25 June 2025
B47: Source: Eurostat (online data code: nrg_cb_sff)
B49: Table 4: Brown coal production, trade and supply in the EU
D50: 2019 | E50: 2020 | F50: 2021 | G50: 2022 | H50: 2023 | I50: 2024 preliminary | K50: 23>24 | L50: 19-21>24
B51: kt | C51: Indigenous production | D51: ='DATA-COAL'!AF50 -> 307597.03 | E51: ='DATA-COAL'!AG50 -> 244456.88 | F51: ='DATA-COAL'!AH50 -> 274986.13 | G51: ='DATA-COAL'!AI50 -> 294932.11 | H51: ='DATA-COAL'!AJ50 -> 224909.41 | I51: ='DATA-COAL'!AK50 -> 196556.33 | K51: =I51/H51-1 -> -0.12606447 | L51: =I51/AVERAGE(D51:F51)-1 -> -0.28701277
B52: kt | C52: Transfer from other sources | D52: ='DATA-COAL'!AF51 -> 454.868 | E52: ='DATA-COAL'!AG51 -> 388.322 | F52: ='DATA-COAL'!AH51 -> 192.805 | G52: ='DATA-COAL'!AI51 -> 124.182 | H52: ='DATA-COAL'!AJ51 -> 187.308 | I52: ='DATA-COAL'!AK51 -> 144.959 | K52: =I52/H52-1 -> -0.22609285 | L52: =I52/AVERAGE(D52:F52)-1 -> -0.58023253
B53: kt | C53: Imports | D53: ='DATA-COAL'!AF52 -> 2460.568 | E53: ='DATA-COAL'!AG52 -> 1785.946 | F53: ='DATA-COAL'!AH52 -> 1383.72 | G53: ='DATA-COAL'!AI52 -> 2037.335 | H53: ='DATA-COAL'!AJ52 -> 1574.814 | I53: ='DATA-COAL'!AK52 -> 777.219 | K53: =I53/H53-1 -> -0.50646934 | L53: =I53/AVERAGE(D53:F53)-1 -> -0.58586854
B54: kt | C54: Exports | D54: ='DATA-COAL'!AF53 -> 888.246 | E54: ='DATA-COAL'!AG53 -> 579.248 | F54: ='DATA-COAL'!AH53 -> 357.587 | G54: ='DATA-COAL'!AI53 -> 2037.708 | H54: ='DATA-COAL'!AJ53 -> 2719.968 | I54: ='DATA-COAL'!AK53 -> 1154.099 | K54: =I54/H54-1 -> -0.57569391 | L54: =I54/AVERAGE(D54:F54)-1 -> 0.89706484
B55: kt | C55: Net imports | D55: =D53-D54 -> 1572.322 | E55: =E53-E54 -> 1206.698 | F55: =F53-F54 -> 1026.133 | G55: =G53-G54 -> -0.373 | H55: =H53-H54 -> -1145.154 | I55: =I53-I54 -> -376.88 | K55: =I55/H55-1 -> -0.67089143 | L55: =I55/AVERAGE(D55:F55)-1 -> -1.2971339
B56: kt | C56: Change in stock | D56: ='DATA-COAL'!AF54 -> -1148.763 | E56: ='DATA-COAL'!AG54 -> 1762.734 | F56: ='DATA-COAL'!AH54 -> 2512.313 | G56: ='DATA-COAL'!AI54 -> -1241.691 | H56: ='DATA-COAL'!AJ54 -> -2531.659 | I56: ='DATA-COAL'!AK54 -> 2977.694
